{
  "type": "minecraft:chest",
  "pools": [
    {
      "entries": [
        {
          "type": "minecraft:item",
          "functions": [
            {
              "count": {
                "max": 4,
                "min": 1
              },
              "function": "minecraft:set_count"
            }
          ],
          "name": "minecraft:porkchop",
          "weight": 5
        },
        {
          "type": "minecraft:item",
          "functions": [
            {
              "count": {
                "max": 3,
                "min": 0
              },
              "function": "minecraft:set_count"
            }
          ],
          "name": "minecraft:cooked_porkchop",
          "weight": 6
        },
        {
          "type": "minecraft:item",
          "functions": [
            {
              "conditions": [
                {
                  "chance": 0.5,
                  "condition": "minecraft:random_chance"
                }
              ],
              "count": {
                "max": 4,
                "min": 2
              },
              "function": "minecraft:set_count"
            }
          ],
          "name": "minecraft:beef",
          "weight": 4
        },
        {
          "type": "minecraft:item",
          "functions": [
            {
              "conditions": [
                {
                  "chance": 0.75,
                  "condition": "minecraft:random_chance"
                }
              ],
              "count": {
                "max": 4,
                "min": 0
              },
              "function": "minecraft:set_count"
            }
          ],
          "name": "minecraft:cooked_beef",
          "weight": 6
        },
        {
          "type": "minecraft:item",
          "conditions": [
            {
              "chance": 0.85,
              "condition": "minecraft:random_chance"
            }
          ],
          "functions": [
            {
              "count": {
                "max": 8,
                "min": 2
              },
              "function": "minecraft:set_count"
            }
          ],
          "name": "minecraft:snow_block",
          "weight": 4
        },
        {
          "type": "minecraft:item",
          "conditions": [
            {
              "chance": 0.85,
              "condition": "minecraft:random_chance"
            }
          ],
          "functions": [
            {
              "count": {
                "max": 7,
                "min": 1
              },
              "function": "minecraft:set_count"
            }
          ],
          "name": "minecraft:ice",
          "weight": 5
        }
      ],
      "rolls": 5
    },
    {
      "entries": [
        {
          "type": "minecraft:item",
          "functions": [
            {
              "conditions": [
                {
                  "chance": 0.4525,
                  "condition": "minecraft:random_chance"
                }
              ],
              "function": "minecraft:enchant_with_levels",
              "levels": {
                "max": {
                  "max": 13,
                  "min": 9
                },
                "min": 1
              },
              "treasure": false
            },
            {
              "damage": {
                "max": 0.999999,
                "min": 0.3
              },
              "function": "minecraft:set_damage"
            }
          ],
          "name": "minecraft:stone_axe"
        },
        {
          "type": "minecraft:item",
          "functions": [
            {
              "conditions": [
                {
                  "chance": 0.4525,
                  "condition": "minecraft:random_chance"
                }
              ],
              "function": "minecraft:enchant_with_levels",
              "levels": {
                "max": {
                  "max": 13,
                  "min": 9
                },
                "min": 1
              },
              "treasure": false
            },
            {
              "damage": {
                "max": 0.999999,
                "min": 0.3
              },
              "function": "minecraft:set_damage"
            }
          ],
          "name": "minecraft:wooden_pickaxe"
        },
        {
          "type": "minecraft:item",
          "functions": [
            {
              "conditions": [
                {
                  "chance": 0.4525,
                  "condition": "minecraft:random_chance"
                }
              ],
              "function": "minecraft:enchant_with_levels",
              "levels": {
                "max": {
                  "max": 13,
                  "min": 9
                },
                "min": 1
              },
              "treasure": false
            },
            {
              "damage": {
                "max": 0.999999,
                "min": 0.3
              },
              "function": "minecraft:set_damage"
            }
          ],
          "name": "minecraft:wooden_shovel"
        },
        {
          "type": "minecraft:item",
          "functions": [
            {
              "conditions": [
                {
                  "chance": 0.4525,
                  "condition": "minecraft:random_chance"
                }
              ],
              "function": "minecraft:enchant_with_levels",
              "levels": {
                "max": {
                  "max": 13,
                  "min": 9
                },
                "min": 1
              },
              "treasure": false
            },
            {
              "damage": {
                "max": 0.999999,
                "min": 0.3
              },
              "function": "minecraft:set_damage"
            }
          ],
          "name": "minecraft:wooden_axe"
        },
        {
          "type": "minecraft:item",
          "functions": [
            {
              "conditions": [
                {
                  "chance": 0.4525,
                  "condition": "minecraft:random_chance"
                }
              ],
              "function": "minecraft:enchant_with_levels",
              "levels": {
                "max": {
                  "max": 13,
                  "min": 9
                },
                "min": 1
              },
              "treasure": false
            },
            {
              "damage": {
                "max": 0.999999,
                "min": 0.3
              },
              "function": "minecraft:set_damage"
            }
          ],
          "name": "minecraft:wooden_sword"
        },
        {
          "type": "minecraft:item",
          "functions": [
            {
              "conditions": [
                {
                  "chance": 0.4525,
                  "condition": "minecraft:random_chance"
                }
              ],
              "function": "minecraft:enchant_with_levels",
              "levels": {
                "max": {
                  "max": 13,
                  "min": 9
                },
                "min": 1
              },
              "treasure": false
            },
            {
              "damage": {
                "max": 0.999999,
                "min": 0.3
              },
              "function": "minecraft:set_damage"
            }
          ],
          "name": "minecraft:stone_pickaxe"
        },
        {
          "type": "minecraft:item",
          "functions": [
            {
              "conditions": [
                {
                  "chance": 0.4525,
                  "condition": "minecraft:random_chance"
                }
              ],
              "function": "minecraft:enchant_with_levels",
              "levels": {
                "max": {
                  "max": 13,
                  "min": 9
                },
                "min": 1
              },
              "treasure": false
            },
            {
              "damage": {
                "max": 0.999999,
                "min": 0.3
              },
              "function": "minecraft:set_damage"
            }
          ],
          "name": "minecraft:stone_shovel"
        }
      ],
      "rolls": 1
    },
    {
      "entries": [
        {
          "type": "minecraft:item",
          "functions": [
            {
              "conditions": [
                {
                  "chance": 0.4525,
                  "condition": "minecraft:random_chance"
                }
              ],
              "function": "minecraft:enchant_with_levels",
              "levels": {
                "max": 17,
                "min": 0
              },
              "treasure": false
            },
            {
              "damage": {
                "max": 1,
                "min": 0
              },
              "function": "minecraft:set_damage"
            }
          ],
          "name": "minecraft:leather_boots"
        },
        {
          "type": "minecraft:item",
          "functions": [
            {
              "conditions": [
                {
                  "chance": 0.4525,
                  "condition": "minecraft:random_chance"
                }
              ],
              "function": "minecraft:enchant_with_levels",
              "levels": {
                "max": 17,
                "min": 0
              },
              "treasure": false
            },
            {
              "damage": {
                "max": 1,
                "min": 0
              },
              "function": "minecraft:set_damage"
            }
          ],
          "name": "minecraft:leather_leggings"
        },
        {
          "type": "minecraft:item",
          "functions": [
            {
              "conditions": [
                {
                  "chance": 0.4525,
                  "condition": "minecraft:random_chance"
                }
              ],
              "function": "minecraft:enchant_with_levels",
              "levels": {
                "max": 17,
                "min": 0
              },
              "treasure": false
            },
            {
              "damage": {
                "max": 1,
                "min": 0
              },
              "function": "minecraft:set_damage"
            }
          ],
          "name": "minecraft:leather_chestplate"
        },
        {
          "type": "minecraft:item",
          "functions": [
            {
              "conditions": [
                {
                  "chance": 0.4525,
                  "condition": "minecraft:random_chance"
                }
              ],
              "function": "minecraft:enchant_with_levels",
              "levels": {
                "max": 17,
                "min": 0
              },
              "treasure": false
            },
            {
              "damage": {
                "max": 1,
                "min": 0
              },
              "function": "minecraft:set_damage"
            }
          ],
          "name": "minecraft:leather_helmet"
        }
      ],
      "rolls": 1
    },
    {
      "conditions": [
        {
          "chance": 0.4,
          "condition": "minecraft:random_chance"
        }
      ],
      "entries": [
        {
          "type": "minecraft:item",
          "functions": [
            {
              "count": {
                "max": 5,
                "min": 2
              },
              "function": "minecraft:set_count"
            }
          ],
          "name": "minecraft:chicken",
          "weight": 2
        },
        {
          "type": "minecraft:item",
          "functions": [
            {
              "count": {
                "max": 5,
                "min": 2
              },
              "function": "minecraft:set_count"
            }
          ],
          "name": "minecraft:cooked_chicken",
          "weight": 2
        },
        {
          "type": "minecraft:item",
          "functions": [
            {
              "count": {
                "max": 3,
                "min": 1
              },
              "function": "minecraft:set_count"
            }
          ],
          "name": "minecraft:apple",
          "weight": 1
        },
        {
          "type": "minecraft:item",
          "functions": [
            {
              "count": {
                "max": 4,
                "min": 1
              },
              "function": "minecraft:set_count"
            }
          ],
          "name": "minecraft:bread"
        }
      ],
      "rolls": 3
    }
  ]
}