{
  "carvers": {
    "air": [
      "minecraft:cave",
      "minecraft:cave_extra_underground",
      "minecraft:canyon",
      "terralith:deep_ravine"
    ]
  },
  "downfall": 0.5,
  "effects": {
    "fog_color": 12638463,
    "foliage_color": 11856974,
    "grass_color": 9035086,
    "mood_sound": {
      "block_search_extent": 8,
      "offset": 2,
      "sound": "minecraft:ambient.cave",
      "tick_delay": 6000
    },
    "sky_color": 9619199,
    "water_color": 4445678,
    "water_fog_color": 329011
  },
  "features": [
    [
      "terralith:skylands/summer/floating_islands",
      "terralith:skylands/summer/extend_down_high",
      "terralith:skylands/summer/extend_down",
      "terralith:skylands/dirt_tops",
      "terralith:skylands/summer/grassy_tops"
    ],
    [
      "minecraft:lake_lava_underground",
      "minecraft:lake_lava_surface"
    ],
    [
      "minecraft:amethyst_geode",
      "terralith:cave/generic/mega_geode"
    ],
    [
      "minecraft:monster_room",
      "minecraft:monster_room_deep"
    ],
    [],
    [],
    [
      "minecraft:ore_dirt",
      "minecraft:ore_gravel",
      "minecraft:ore_granite_upper",
      "minecraft:ore_granite_lower",
      "minecraft:ore_diorite_upper",
      "minecraft:ore_diorite_lower",
      "minecraft:ore_andesite_upper",
      "minecraft:ore_andesite_lower",
      "minecraft:ore_tuff",
      "minecraft:ore_coal_upper",
      "minecraft:ore_coal_lower",
      "minecraft:ore_iron_upper",
      "minecraft:ore_iron_middle",
      "minecraft:ore_iron_small",
      "minecraft:ore_gold",
      "minecraft:ore_gold_lower",
      "minecraft:ore_redstone",
      "minecraft:ore_redstone_lower",
      "minecraft:ore_diamond",
      "minecraft:ore_diamond_medium",
      "minecraft:ore_diamond_large",
      "minecraft:ore_diamond_buried",
      "minecraft:ore_lapis",
      "minecraft:ore_lapis_buried",
      "minecraft:ore_copper",
      "minecraft:underwater_magma",
      "minecraft:disk_sand",
      "minecraft:disk_clay",
      "minecraft:disk_gravel"
    ],
    [],
    [
      "terralith:skylands/spring_water",
      "minecraft:spring_lava"
    ],
    [
      "terralith:skylands/waterfall",
      "terralith:skylands/summer/glowberries",
      "terralith:skylands/patch_grass",
      "minecraft:glow_lichen",
      "terralith:skylands/summer/trees",
      "terralith:skylands/summer/cactus",
      "terralith:skylands/summer/tall_flowers",
      "minecraft:patch_grass_badlands",
      "minecraft:brown_mushroom_normal",
      "minecraft:red_mushroom_normal",
      "minecraft:patch_sugar_cane",
      "minecraft:patch_pumpkin"
    ],
    [
      "minecraft:freeze_top_layer"
    ]
  ],
  "has_precipitation": true,
  "spawn_costs": {},
  "spawners": {
    "ambient": [
      {
        "type": "minecraft:bat",
        "maxCount": 8,
        "minCount": 8,
        "weight": 10
      }
    ],
    "axolotls": [],
    "creature": [
      {
        "type": "minecraft:sheep",
        "maxCount": 8,
        "minCount": 8,
        "weight": 12
      },
      {
        "type": "minecraft:pig",
        "maxCount": 8,
        "minCount": 8,
        "weight": 10
      },
      {
        "type": "minecraft:chicken",
        "maxCount": 8,
        "minCount": 8,
        "weight": 10
      },
      {
        "type": "minecraft:cow",
        "maxCount": 8,
        "minCount": 8,
        "weight": 8
      },
      {
        "type": "minecraft:parrot",
        "maxCount": 1,
        "minCount": 1,
        "weight": 6
      }
    ],
    "misc": [],
    "monster": [
      {
        "type": "minecraft:spider",
        "maxCount": 4,
        "minCount": 4,
        "weight": 100
      },
      {
        "type": "minecraft:zombie",
        "maxCount": 4,
        "minCount": 4,
        "weight": 95
      },
      {
        "type": "minecraft:zombie_villager",
        "maxCount": 1,
        "minCount": 1,
        "weight": 5
      },
      {
        "type": "minecraft:skeleton",
        "maxCount": 4,
        "minCount": 4,
        "weight": 100
      },
      {
        "type": "minecraft:creeper",
        "maxCount": 4,
        "minCount": 4,
        "weight": 100
      },
      {
        "type": "minecraft:slime",
        "maxCount": 4,
        "minCount": 4,
        "weight": 100
      },
      {
        "type": "minecraft:enderman",
        "maxCount": 4,
        "minCount": 1,
        "weight": 10
      },
      {
        "type": "minecraft:witch",
        "maxCount": 1,
        "minCount": 1,
        "weight": 5
      },
      {
        "type": "minecraft:drowned",
        "maxCount": 1,
        "minCount": 1,
        "weight": 5
      }
    ],
    "underground_water_creature": [
      {
        "type": "minecraft:glow_squid",
        "maxCount": 6,
        "minCount": 4,
        "weight": 10
      }
    ],
    "water_ambient": [
      {
        "type": "minecraft:cod",
        "maxCount": 6,
        "minCount": 3,
        "weight": 10
      }
    ],
    "water_creature": [
      {
        "type": "minecraft:squid",
        "maxCount": 4,
        "minCount": 1,
        "weight": 1
      },
      {
        "type": "minecraft:dolphin",
        "maxCount": 2,
        "minCount": 1,
        "weight": 1
      }
    ]
  },
  "temperature": 0.5
}