{
  "type": "minecraft:flat_cache",
  "argument": {
    "type": "minecraft:cache_2d",
    "argument": {
      "type": "minecraft:add",
      "argument1": {
        "type": "minecraft:mul",
        "argument1": 10.0,
        "argument2": {
          "type": "minecraft:add",
          "argument1": 1.0,
          "argument2": {
            "type": "minecraft:mul",
            "argument1": -1.0,
            "argument2": {
              "type": "minecraft:cache_once",
              "argument": {
                "type": "minecraft:blend_alpha"
              }
            }
          }
        }
      },
      "argument2": {
        "type": "minecraft:mul",
        "argument1": {
          "type": "minecraft:spline",
          "spline": {
            "coordinate": "overworld/continents",
            "points": [
              {
                "derivative": -0.2,
                "location": -0.93,
                "value": {
                  "coordinate": "overworld/erosion",
                  "points": [
                    {
                      "derivative": 0,
                      "location": -1,
                      "value": 2
                    },
                    {
                      "derivative": 0,
                      "location": -0.75,
                      "value": 2
                    },
                    {
                      "derivative": 0,
                      "location": -0.79,
                      "value": 9
                    },
                    {
                      "derivative": 0,
                      "location": -0.77,
                      "value": 3
                    },
                    {
                      "derivative": -7,
                      "location": -0.7,
                      "value": 2
                    },
                    {
                      "derivative": 0,
                      "location": -0.33,
                      "value": 0.45
                    },
                    {
                      "derivative": 8,
                      "location": -0.24,
                      "value": 2
                    },
                    {
                      "derivative": 0,
                      "location": -0.225,
                      "value": 9
                    },
                    {
                      "derivative": 0,
                      "location": 0.04,
                      "value": 9
                    },
                    {
                      "derivative": 0,
                      "location": 0.06,
                      "value": 9
                    },
                    {
                      "derivative": 0,
                      "location": 0.14,
                      "value": {
                        "coordinate": "overworld/ridges",
                        "points": [
                          {
                            "derivative": 0,
                            "location": -0.7,
                            "value": 0.7
                          },
                          {
                            "derivative": 0,
                            "location": -0.6,
                            "value": 3
                          },
                          {
                            "derivative": 0,
                            "location": -0.1,
                            "value": 5
                          },
                          {
                            "derivative": -4,
                            "location": 0.1,
                            "value": 5
                          },
                          {
                            "derivative": 0,
                            "location": 0.5,
                            "value": 1
                          }
                        ]
                      }
                    },
                    {
                      "derivative": 0,
                      "location": 0.33,
                      "value": {
                        "coordinate": "overworld/ridges",
                        "points": [
                          {
                            "derivative": 0,
                            "location": -1,
                            "value": 3
                          },
                          {
                            "derivative": 0,
                            "location": -0.1,
                            "value": 5
                          },
                          {
                            "derivative": -4,
                            "location": 0.1,
                            "value": 5
                          },
                          {
                            "derivative": 0,
                            "location": 0.5,
                            "value": 1
                          }
                        ]
                      }
                    },
                    {
                      "derivative": 0,
                      "location": 0.38,
                      "value": 9
                    },
                    {
                      "derivative": 0,
                      "location": 0.56,
                      "value": 9
                    },
                    {
                      "derivative": 0,
                      "location": 0.585,
                      "value": 1.2
                    },
                    {
                      "derivative": 0,
                      "location": 1,
                      "value": 1.2
                    }
                  ]
                }
              },
              {
                "derivative": 0,
                "location": -0.9,
                "value": 3.95
              },
              {
                "derivative": 0,
                "location": -0.19,
                "value": 3.95
              },
              {
                "derivative": 0,
                "location": -0.15,
                "value": {
                  "coordinate": "overworld/erosion",
                  "points": [
                    {
                      "derivative": 0,
                      "location": -0.6,
                      "value": {
                        "coordinate": "overworld/ridges",
                        "points": [
                          {
                            "derivative": 0,
                            "location": -0.2,
                            "value": 6.3
                          },
                          {
                            "derivative": 0,
                            "location": 0.2,
                            "value": 6.25
                          }
                        ]
                      }
                    },
                    {
                      "derivative": 0,
                      "location": -0.5,
                      "value": {
                        "coordinate": "overworld/ridges",
                        "points": [
                          {
                            "derivative": 0,
                            "location": -0.05,
                            "value": 6.3
                          },
                          {
                            "derivative": 0,
                            "location": 0.05,
                            "value": 2.67
                          }
                        ]
                      }
                    },
                    {
                      "derivative": 0,
                      "location": -0.35,
                      "value": {
                        "coordinate": "overworld/ridges",
                        "points": [
                          {
                            "derivative": 0,
                            "location": -0.2,
                            "value": 6.3
                          },
                          {
                            "derivative": 0,
                            "location": 0.2,
                            "value": 6.25
                          }
                        ]
                      }
                    },
                    {
                      "derivative": 0,
                      "location": -0.25,
                      "value": {
                        "coordinate": "overworld/ridges",
                        "points": [
                          {
                            "derivative": 0,
                            "location": -0.2,
                            "value": 6.3
                          },
                          {
                            "derivative": 0,
                            "location": 0.2,
                            "value": 6.25
                          }
                        ]
                      }
                    },
                    {
                      "derivative": 0,
                      "location": -0.1,
                      "value": {
                        "coordinate": "overworld/ridges",
                        "points": [
                          {
                            "derivative": 0,
                            "location": -0.05,
                            "value": 2.67
                          },
                          {
                            "derivative": 0,
                            "location": 0.05,
                            "value": 6.3
                          }
                        ]
                      }
                    },
                    {
                      "derivative": 0,
                      "location": 0.03,
                      "value": {
                        "coordinate": "overworld/ridges",
                        "points": [
                          {
                            "derivative": 0,
                            "location": -0.2,
                            "value": 6.3
                          },
                          {
                            "derivative": 0,
                            "location": 0.2,
                            "value": 6.25
                          }
                        ]
                      }
                    },
                    {
                      "derivative": 0,
                      "location": 0.35,
                      "value": 6.25
                    },
                    {
                      "derivative": 0,
                      "location": 0.45,
                      "value": {
                        "coordinate": "overworld/ridges_folded",
                        "points": [
                          {
                            "derivative": 0,
                            "location": -0.9,
                            "value": 6.25
                          },
                          {
                            "derivative": 0,
                            "location": -0.69,
                            "value": {
                              "coordinate": "overworld/ridges",
                              "points": [
                                {
                                  "derivative": 0,
                                  "location": 0,
                                  "value": 6.25
                                },
                                {
                                  "derivative": 0,
                                  "location": 0.1,
                                  "value": 0.625
                                }
                              ]
                            }
                          }
                        ]
                      }
                    },
                    {
                      "derivative": 0,
                      "location": 0.55,
                      "value": {
                        "coordinate": "overworld/ridges_folded",
                        "points": [
                          {
                            "derivative": 0,
                            "location": -0.9,
                            "value": 6.25
                          },
                          {
                            "derivative": 0,
                            "location": -0.69,
                            "value": {
                              "coordinate": "overworld/ridges",
                              "points": [
                                {
                                  "derivative": 0,
                                  "location": 0,
                                  "value": 6.25
                                },
                                {
                                  "derivative": 0,
                                  "location": 0.1,
                                  "value": 0.625
                                }
                              ]
                            }
                          }
                        ]
                      }
                    },
                    {
                      "derivative": 0,
                      "location": 0.62,
                      "value": 6.25
                    }
                  ]
                }
              },
              {
                "derivative": 0,
                "location": -0.1,
                "value": {
                  "coordinate": "overworld/erosion",
                  "points": [
                    {
                      "derivative": 0,
                      "location": -0.6,
                      "value": {
                        "coordinate": "overworld/ridges",
                        "points": [
                          {
                            "derivative": 0,
                            "location": -0.2,
                            "value": 6.3
                          },
                          {
                            "derivative": 0,
                            "location": 0.2,
                            "value": 5.47
                          }
                        ]
                      }
                    },
                    {
                      "derivative": 0,
                      "location": -0.5,
                      "value": {
                        "coordinate": "overworld/ridges",
                        "points": [
                          {
                            "derivative": 0,
                            "location": -0.05,
                            "value": 6.3
                          },
                          {
                            "derivative": 0,
                            "location": 0.05,
                            "value": 2.67
                          }
                        ]
                      }
                    },
                    {
                      "derivative": 0,
                      "location": -0.35,
                      "value": {
                        "coordinate": "overworld/ridges",
                        "points": [
                          {
                            "derivative": 0,
                            "location": -0.2,
                            "value": 6.3
                          },
                          {
                            "derivative": 0,
                            "location": 0.2,
                            "value": 5.47
                          }
                        ]
                      }
                    },
                    {
                      "derivative": 0,
                      "location": -0.25,
                      "value": {
                        "coordinate": "overworld/ridges",
                        "points": [
                          {
                            "derivative": 0,
                            "location": -0.2,
                            "value": 6.3
                          },
                          {
                            "derivative": 0,
                            "location": 0.2,
                            "value": 5.47
                          }
                        ]
                      }
                    },
                    {
                      "derivative": 0,
                      "location": -0.1,
                      "value": {
                        "coordinate": "overworld/ridges",
                        "points": [
                          {
                            "derivative": 0,
                            "location": -0.05,
                            "value": 2.67
                          },
                          {
                            "derivative": 0,
                            "location": 0.05,
                            "value": 6.3
                          }
                        ]
                      }
                    },
                    {
                      "derivative": 0,
                      "location": 0.03,
                      "value": {
                        "coordinate": "overworld/ridges",
                        "points": [
                          {
                            "derivative": 0,
                            "location": -0.2,
                            "value": 6.3
                          },
                          {
                            "derivative": 0,
                            "location": 0.2,
                            "value": 5.47
                          }
                        ]
                      }
                    },
                    {
                      "derivative": 0,
                      "location": 0.35,
                      "value": 5.47
                    },
                    {
                      "derivative": 0,
                      "location": 0.45,
                      "value": {
                        "coordinate": "overworld/ridges_folded",
                        "points": [
                          {
                            "derivative": 0,
                            "location": -0.9,
                            "value": 5.47
                          },
                          {
                            "derivative": 0,
                            "location": -0.69,
                            "value": {
                              "coordinate": "overworld/ridges",
                              "points": [
                                {
                                  "derivative": 0,
                                  "location": 0,
                                  "value": 5.47
                                },
                                {
                                  "derivative": 0,
                                  "location": 0.1,
                                  "value": 0.625
                                }
                              ]
                            }
                          }
                        ]
                      }
                    },
                    {
                      "derivative": 0,
                      "location": 0.55,
                      "value": {
                        "coordinate": "overworld/ridges_folded",
                        "points": [
                          {
                            "derivative": 0,
                            "location": -0.9,
                            "value": 5.47
                          },
                          {
                            "derivative": 0,
                            "location": -0.69,
                            "value": {
                              "coordinate": "overworld/ridges",
                              "points": [
                                {
                                  "derivative": 0,
                                  "location": 0,
                                  "value": 5.47
                                },
                                {
                                  "derivative": 0,
                                  "location": 0.1,
                                  "value": 0.625
                                }
                              ]
                            }
                          }
                        ]
                      }
                    },
                    {
                      "derivative": 0,
                      "location": 0.62,
                      "value": 5.47
                    }
                  ]
                }
              },
              {
                "derivative": 0,
                "location": 0.03,
                "value": {
                  "coordinate": "overworld/erosion",
                  "points": [
                    {
                      "derivative": 0,
                      "location": -0.6,
                      "value": {
                        "coordinate": "overworld/ridges",
                        "points": [
                          {
                            "derivative": 0,
                            "location": -0.2,
                            "value": 6.3
                          },
                          {
                            "derivative": 0,
                            "location": 0.2,
                            "value": 5.08
                          }
                        ]
                      }
                    },
                    {
                      "derivative": 0,
                      "location": -0.5,
                      "value": {
                        "coordinate": "overworld/ridges",
                        "points": [
                          {
                            "derivative": 0,
                            "location": -0.05,
                            "value": 6.3
                          },
                          {
                            "derivative": 0,
                            "location": 0.05,
                            "value": 2.67
                          }
                        ]
                      }
                    },
                    {
                      "derivative": 0,
                      "location": -0.35,
                      "value": {
                        "coordinate": "overworld/ridges",
                        "points": [
                          {
                            "derivative": 0,
                            "location": -0.2,
                            "value": 6.3
                          },
                          {
                            "derivative": 0,
                            "location": 0.2,
                            "value": 5.08
                          }
                        ]
                      }
                    },
                    {
                      "derivative": 0,
                      "location": -0.25,
                      "value": {
                        "coordinate": "overworld/ridges",
                        "points": [
                          {
                            "derivative": 0,
                            "location": -0.66,
                            "value": 2.25
                          },
                          {
                            "derivative": 2,
                            "location": -0.2,
                            "value": 2.65
                          },
                          {
                            "derivative": 0,
                            "location": 0,
                            "value": 5
                          },
                          {
                            "derivative": -2,
                            "location": 0.2,
                            "value": 3.5
                          },
                          {
                            "derivative": 0,
                            "location": 0.66,
                            "value": 2
                          }
                        ]
                      }
                    },
                    {
                      "derivative": 0,
                      "location": -0.1,
                      "value": {
                        "coordinate": "overworld/ridges",
                        "points": [
                          {
                            "derivative": 0,
                            "location": -0.66,
                            "value": 1.75
                          },
                          {
                            "derivative": 2,
                            "location": -0.2,
                            "value": 2.5
                          },
                          {
                            "derivative": 0,
                            "location": 0,
                            "value": 6
                          },
                          {
                            "derivative": -2,
                            "location": 0.2,
                            "value": 2
                          },
                          {
                            "derivative": 0,
                            "location": 0.66,
                            "value": 1.55
                          }
                        ]
                      }
                    },
                    {
                      "derivative": 0,
                      "location": 0.03,
                      "value": {
                        "coordinate": "overworld/ridges",
                        "points": [
                          {
                            "derivative": 0,
                            "location": -0.2,
                            "value": 6.3
                          },
                          {
                            "derivative": 0,
                            "location": 0.2,
                            "value": 5.08
                          }
                        ]
                      }
                    },
                    {
                      "derivative": 0,
                      "location": 0.35,
                      "value": 5.08
                    },
                    {
                      "derivative": 0,
                      "location": 0.45,
                      "value": {
                        "coordinate": "overworld/ridges_folded",
                        "points": [
                          {
                            "derivative": 0,
                            "location": -0.9,
                            "value": 5.08
                          },
                          {
                            "derivative": 0,
                            "location": -0.69,
                            "value": {
                              "coordinate": "overworld/ridges",
                              "points": [
                                {
                                  "derivative": 0,
                                  "location": 0,
                                  "value": 5.08
                                },
                                {
                                  "derivative": 0,
                                  "location": 0.1,
                                  "value": 5.08
                                }
                              ]
                            }
                          }
                        ]
                      }
                    },
                    {
                      "derivative": 0,
                      "location": 0.55,
                      "value": {
                        "coordinate": "overworld/ridges_folded",
                        "points": [
                          {
                            "derivative": 0,
                            "location": -0.9,
                            "value": 5.08
                          },
                          {
                            "derivative": 0,
                            "location": -0.69,
                            "value": {
                              "coordinate": "overworld/ridges",
                              "points": [
                                {
                                  "derivative": 0,
                                  "location": 0,
                                  "value": 5.08
                                },
                                {
                                  "derivative": 0,
                                  "location": 0.1,
                                  "value": 5.08
                                }
                              ]
                            }
                          }
                        ]
                      }
                    },
                    {
                      "derivative": 0,
                      "location": 0.62,
                      "value": 5.08
                    }
                  ]
                }
              },
              {
                "derivative": 0,
                "location": 0.06,
                "value": {
                  "coordinate": "overworld/erosion",
                  "points": [
                    {
                      "derivative": 0,
                      "location": -0.6,
                      "value": {
                        "coordinate": "overworld/ridges",
                        "points": [
                          {
                            "derivative": 0,
                            "location": -0.2,
                            "value": 6.3
                          },
                          {
                            "derivative": 0,
                            "location": 0.2,
                            "value": 4.69
                          }
                        ]
                      }
                    },
                    {
                      "derivative": 0,
                      "location": -0.5,
                      "value": {
                        "coordinate": "overworld/ridges",
                        "points": [
                          {
                            "derivative": 0,
                            "location": -0.05,
                            "value": 6.3
                          },
                          {
                            "derivative": 0,
                            "location": 0.05,
                            "value": 2.67
                          }
                        ]
                      }
                    },
                    {
                      "derivative": 0,
                      "location": -0.35,
                      "value": {
                        "coordinate": "overworld/ridges",
                        "points": [
                          {
                            "derivative": 0,
                            "location": -0.2,
                            "value": 6.3
                          },
                          {
                            "derivative": 0,
                            "location": 0.2,
                            "value": 4.69
                          }
                        ]
                      }
                    },
                    {
                      "derivative": 0,
                      "location": -0.25,
                      "value": {
                        "coordinate": "overworld/ridges",
                        "points": [
                          {
                            "derivative": 0,
                            "location": -0.2,
                            "value": 6.3
                          },
                          {
                            "derivative": 0,
                            "location": 0.2,
                            "value": 4.69
                          }
                        ]
                      }
                    },
                    {
                      "derivative": 0,
                      "location": -0.1,
                      "value": {
                        "coordinate": "overworld/ridges",
                        "points": [
                          {
                            "derivative": 0,
                            "location": -0.05,
                            "value": 2.67
                          },
                          {
                            "derivative": 0,
                            "location": 0.05,
                            "value": 6.3
                          }
                        ]
                      }
                    },
                    {
                      "derivative": 0,
                      "location": 0.03,
                      "value": {
                        "coordinate": "overworld/ridges",
                        "points": [
                          {
                            "derivative": 0,
                            "location": -0.2,
                            "value": 6.3
                          },
                          {
                            "derivative": 0,
                            "location": 0.2,
                            "value": 4.69
                          }
                        ]
                      }
                    },
                    {
                      "derivative": 0,
                      "location": 0.05,
                      "value": {
                        "coordinate": "overworld/ridges_folded",
                        "points": [
                          {
                            "derivative": 0,
                            "location": 0.45,
                            "value": {
                              "coordinate": "overworld/ridges",
                              "points": [
                                {
                                  "derivative": 0,
                                  "location": -0.2,
                                  "value": 6.3
                                },
                                {
                                  "derivative": 0,
                                  "location": 0.2,
                                  "value": 4.69
                                }
                              ]
                            }
                          },
                          {
                            "derivative": 0,
                            "location": 0.7,
                            "value": 1.56
                          }
                        ]
                      }
                    },
                    {
                      "derivative": 0,
                      "location": 0.4,
                      "value": {
                        "coordinate": "overworld/ridges_folded",
                        "points": [
                          {
                            "derivative": 0,
                            "location": 0.45,
                            "value": {
                              "coordinate": "overworld/ridges",
                              "points": [
                                {
                                  "derivative": 0,
                                  "location": -0.2,
                                  "value": 6.3
                                },
                                {
                                  "derivative": 0,
                                  "location": 0.2,
                                  "value": 4.69
                                }
                              ]
                            }
                          },
                          {
                            "derivative": 0,
                            "location": 0.7,
                            "value": 1.56
                          }
                        ]
                      }
                    },
                    {
                      "derivative": 0,
                      "location": 0.45,
                      "value": {
                        "coordinate": "overworld/ridges_folded",
                        "points": [
                          {
                            "derivative": 0,
                            "location": -0.7,
                            "value": {
                              "coordinate": "overworld/ridges",
                              "points": [
                                {
                                  "derivative": 0,
                                  "location": -0.2,
                                  "value": 6.3
                                },
                                {
                                  "derivative": 0,
                                  "location": 0.2,
                                  "value": 4.69
                                }
                              ]
                            }
                          },
                          {
                            "derivative": 0,
                            "location": -0.15,
                            "value": 1.37
                          }
                        ]
                      }
                    },
                    {
                      "derivative": 0,
                      "location": 0.55,
                      "value": {
                        "coordinate": "overworld/ridges_folded",
                        "points": [
                          {
                            "derivative": 0,
                            "location": -0.7,
                            "value": {
                              "coordinate": "overworld/ridges",
                              "points": [
                                {
                                  "derivative": 0,
                                  "location": -0.2,
                                  "value": 6.3
                                },
                                {
                                  "derivative": 0,
                                  "location": 0.2,
                                  "value": 4.69
                                }
                              ]
                            }
                          },
                          {
                            "derivative": 0,
                            "location": -0.15,
                            "value": 1.37
                          }
                        ]
                      }
                    }
                  ]
                }
              },
              {
                "derivative": 0,
                "location": 0.2,
                "value": {
                  "coordinate": "overworld/erosion",
                  "points": [
                    {
                      "derivative": 0,
                      "location": 0,
                      "value": 8
                    },
                    {
                      "derivative": -20,
                      "location": 0.1,
                      "value": 8
                    },
                    {
                      "derivative": 0,
                      "location": 0.4,
                      "value": 8
                    },
                    {
                      "derivative": 0,
                      "location": 0.7,
                      "value": 8
                    },
                    {
                      "derivative": 0,
                      "location": 0.9,
                      "value": 8
                    }
                  ]
                }
              },
              {
                "derivative": 0,
                "location": 0.35,
                "value": {
                  "coordinate": "overworld/erosion",
                  "points": [
                    {
                      "derivative": 0,
                      "location": 0.45,
                      "value": 6
                    },
                    {
                      "derivative": -20,
                      "location": 0.5,
                      "value": 4
                    },
                    {
                      "derivative": 0,
                      "location": 0.65,
                      "value": 0.6
                    }
                  ]
                }
              },
              {
                "derivative": 0,
                "location": 0.65,
                "value": {
                  "coordinate": "overworld/erosion",
                  "points": [
                    {
                      "derivative": 0,
                      "location": -1,
                      "value": {
                        "coordinate": "overworld/ridges",
                        "points": [
                          {
                            "derivative": 0,
                            "location": -0.1,
                            "value": 6
                          },
                          {
                            "derivative": 0,
                            "location": 0,
                            "value": 6
                          },
                          {
                            "derivative": -12,
                            "location": 0.1,
                            "value": 6
                          },
                          {
                            "derivative": 0,
                            "location": 0.6,
                            "value": 2
                          }
                        ]
                      }
                    },
                    {
                      "derivative": 0,
                      "location": -0.25,
                      "value": {
                        "coordinate": "overworld/ridges",
                        "points": [
                          {
                            "derivative": 0,
                            "location": -0.1,
                            "value": 6
                          },
                          {
                            "derivative": 0,
                            "location": 0,
                            "value": 6
                          },
                          {
                            "derivative": -12,
                            "location": 0.1,
                            "value": 6
                          },
                          {
                            "derivative": 0,
                            "location": 0.6,
                            "value": 2
                          }
                        ]
                      }
                    },
                    {
                      "derivative": 0,
                      "location": -0.2,
                      "value": {
                        "coordinate": "overworld/ridges",
                        "points": [
                          {
                            "derivative": 0,
                            "location": -0.66,
                            "value": 3
                          },
                          {
                            "derivative": 2,
                            "location": -0.2,
                            "value": 4
                          },
                          {
                            "derivative": 0,
                            "location": 0,
                            "value": 5
                          },
                          {
                            "derivative": -2,
                            "location": 0.2,
                            "value": 4
                          },
                          {
                            "derivative": 0,
                            "location": 0.66,
                            "value": 3
                          }
                        ]
                      }
                    },
                    {
                      "derivative": 0,
                      "location": -0.075,
                      "value": {
                        "coordinate": "overworld/ridges",
                        "points": [
                          {
                            "derivative": 0,
                            "location": -0.66,
                            "value": 2.5
                          },
                          {
                            "derivative": 2,
                            "location": -0.2,
                            "value": 4
                          },
                          {
                            "derivative": 0,
                            "location": 0,
                            "value": 6
                          },
                          {
                            "derivative": -2,
                            "location": 0.2,
                            "value": 6
                          },
                          {
                            "derivative": 0,
                            "location": 0.66,
                            "value": 4.5
                          }
                        ]
                      }
                    },
                    {
                      "derivative": 0,
                      "location": 0.25,
                      "value": {
                        "coordinate": "overworld/ridges",
                        "points": [
                          {
                            "derivative": 0,
                            "location": -0.1,
                            "value": 20
                          },
                          {
                            "derivative": 0,
                            "location": 0,
                            "value": 20
                          },
                          {
                            "derivative": 0,
                            "location": 0.1,
                            "value": 20
                          },
                          {
                            "derivative": 0,
                            "location": 0.6,
                            "value": 20
                          }
                        ]
                      }
                    },
                    {
                      "derivative": 0,
                      "location": 0.45,
                      "value": 8
                    },
                    {
                      "derivative": -20,
                      "location": 0.5,
                      "value": 4
                    },
                    {
                      "derivative": 0,
                      "location": 0.65,
                      "value": 0.575
                    }
                  ]
                }
              }
            ]
          }
        },
        "argument2": {
          "type": "minecraft:cache_once",
          "argument": {
            "type": "minecraft:blend_alpha"
          }
        }
      }
    }
  }
}