{
  "type": "minecraft:flat_cache",
  "argument": {
    "type": "minecraft:cache_2d",
    "argument": {
      "type": "minecraft:add",
      "argument1": {
        "type": "minecraft:mul",
        "argument1": 0.0,
        "argument2": {
          "type": "minecraft:add",
          "argument1": 1.0,
          "argument2": {
            "type": "minecraft:mul",
            "argument1": -1.0,
            "argument2": {
              "type": "minecraft:cache_once",
              "argument": {
                "type": "minecraft:blend_alpha"
              }
            }
          }
        }
      },
      "argument2": {
        "type": "minecraft:mul",
        "argument1": {
          "type": "minecraft:spline",
          "spline": {
            "coordinate": "overworld/continents",
            "points": [
              {
                "derivative": 0,
                "location": -0.94,
                "value": {
                  "coordinate": "overworld/erosion",
                  "points": [
                    {
                      "derivative": 0,
                      "location": -1,
                      "value": 0
                    },
                    {
                      "derivative": 0,
                      "location": -0.81,
                      "value": 0
                    },
                    {
                      "derivative": 0,
                      "location": -0.79,
                      "value": 0
                    },
                    {
                      "derivative": 0,
                      "location": -0.375,
                      "value": 0
                    },
                    {
                      "derivative": 10,
                      "location": -0.7,
                      "value": 0.1
                    },
                    {
                      "derivative": 0,
                      "location": -0.6,
                      "value": 1.1
                    },
                    {
                      "derivative": -4,
                      "location": -0.2475,
                      "value": 0.1
                    },
                    {
                      "derivative": 0,
                      "location": -0.2375,
                      "value": 0
                    },
                    {
                      "derivative": 0,
                      "location": 0.055,
                      "value": 0
                    },
                    {
                      "derivative": 0,
                      "location": 0.065,
                      "value": 0
                    },
                    {
                      "derivative": 0,
                      "location": 0.14,
                      "value": {
                        "coordinate": "overworld/ridges",
                        "points": [
                          {
                            "derivative": 0,
                            "location": -0.7,
                            "value": 0.2
                          },
                          {
                            "derivative": 0,
                            "location": -0.6,
                            "value": 0
                          },
                          {
                            "derivative": 0,
                            "location": -0.1,
                            "value": 0
                          },
                          {
                            "derivative": 0,
                            "location": 0.1,
                            "value": 0
                          },
                          {
                            "derivative": 0,
                            "location": 0.5,
                            "value": 0
                          }
                        ]
                      }
                    },
                    {
                      "derivative": 0,
                      "location": 0.35,
                      "value": {
                        "coordinate": "overworld/ridges",
                        "points": [
                          {
                            "derivative": 0,
                            "location": -1,
                            "value": 0
                          },
                          {
                            "derivative": 0,
                            "location": -0.1,
                            "value": 0
                          },
                          {
                            "derivative": -4,
                            "location": 0.3,
                            "value": 0
                          },
                          {
                            "derivative": 0,
                            "location": 0.55,
                            "value": 0.45
                          }
                        ]
                      }
                    },
                    {
                      "derivative": 0,
                      "location": 0.37,
                      "value": 0
                    },
                    {
                      "derivative": 0,
                      "location": 0.45,
                      "value": 0
                    },
                    {
                      "derivative": 0,
                      "location": 0.54,
                      "value": 0
                    },
                    {
                      "derivative": 0,
                      "location": 0.56,
                      "value": 0
                    },
                    {
                      "derivative": 0,
                      "location": 1,
                      "value": 0
                    }
                  ]
                }
              },
              {
                "derivative": 0,
                "location": -0.95,
                "value": 0
              },
              {
                "derivative": 0,
                "location": -0.11,
                "value": 0
              },
              {
                "derivative": 0,
                "location": -0.07,
                "value": {
                  "coordinate": "overworld/erosion",
                  "points": [
                    {
                      "derivative": 0,
                      "location": -1,
                      "value": {
                        "coordinate": "overworld/ridges_folded",
                        "points": [
                          {
                            "derivative": 0,
                            "location": 0.19999999,
                            "value": 0
                          },
                          {
                            "derivative": 0,
                            "location": 0.44999996,
                            "value": 0
                          },
                          {
                            "derivative": 0,
                            "location": 1,
                            "value": {
                              "coordinate": "overworld/ridges",
                              "points": [
                                {
                                  "derivative": 0,
                                  "location": -0.01,
                                  "value": 0
                                },
                                {
                                  "derivative": 0,
                                  "location": 0.01,
                                  "value": 0
                                }
                              ]
                            }
                          }
                        ]
                      }
                    },
                    {
                      "derivative": 0,
                      "location": -0.78,
                      "value": {
                        "coordinate": "overworld/ridges_folded",
                        "points": [
                          {
                            "derivative": 0,
                            "location": 0.19999999,
                            "value": 0
                          },
                          {
                            "derivative": 0,
                            "location": 0.44999996,
                            "value": 0
                          },
                          {
                            "derivative": 0,
                            "location": 1,
                            "value": {
                              "coordinate": "overworld/ridges",
                              "points": [
                                {
                                  "derivative": 0,
                                  "location": -0.01,
                                  "value": 0
                                },
                                {
                                  "derivative": 0,
                                  "location": 0.01,
                                  "value": 0
                                }
                              ]
                            }
                          }
                        ]
                      }
                    },
                    {
                      "derivative": 0,
                      "location": -0.5775,
                      "value": {
                        "coordinate": "overworld/ridges_folded",
                        "points": [
                          {
                            "derivative": 0,
                            "location": 0.19999999,
                            "value": 0
                          },
                          {
                            "derivative": 0,
                            "location": 0.44999996,
                            "value": 0
                          },
                          {
                            "derivative": 0,
                            "location": 1,
                            "value": {
                              "coordinate": "overworld/ridges",
                              "points": [
                                {
                                  "derivative": 0,
                                  "location": -0.01,
                                  "value": 0
                                },
                                {
                                  "derivative": 0,
                                  "location": 0.01,
                                  "value": 0
                                }
                              ]
                            }
                          }
                        ]
                      }
                    },
                    {
                      "derivative": 0,
                      "location": -0.375,
                      "value": 0
                    },
                    {
                      "derivative": 0,
                      "location": -0.3,
                      "value": {
                        "coordinate": "overworld/ridges",
                        "points": [
                          {
                            "derivative": 0,
                            "location": -0.6,
                            "value": 0
                          },
                          {
                            "derivative": 0,
                            "location": -0.1,
                            "value": 0
                          },
                          {
                            "derivative": 0,
                            "location": -0.05,
                            "value": 0
                          },
                          {
                            "derivative": 0,
                            "location": 0,
                            "value": 0
                          },
                          {
                            "derivative": 0,
                            "location": 0.05,
                            "value": 0
                          },
                          {
                            "derivative": 0.9,
                            "location": 0.1,
                            "value": 0
                          },
                          {
                            "derivative": 0,
                            "location": 0.6,
                            "value": 0.2
                          }
                        ]
                      }
                    },
                    {
                      "derivative": 0,
                      "location": -0.1,
                      "value": {
                        "coordinate": "overworld/ridges",
                        "points": [
                          {
                            "derivative": 0,
                            "location": -0.6,
                            "value": 0
                          },
                          {
                            "derivative": 0,
                            "location": -0.1,
                            "value": 0
                          },
                          {
                            "derivative": 0,
                            "location": -0.05,
                            "value": 0
                          },
                          {
                            "derivative": 0,
                            "location": 0,
                            "value": 0
                          },
                          {
                            "derivative": 0,
                            "location": 0.05,
                            "value": 0
                          },
                          {
                            "derivative": 0.9,
                            "location": 0.1,
                            "value": 0
                          },
                          {
                            "derivative": 0,
                            "location": 0.6,
                            "value": 0.1
                          }
                        ]
                      }
                    },
                    {
                      "derivative": 0,
                      "location": 0,
                      "value": 0
                    }
                  ]
                }
              },
              {
                "derivative": 0,
                "location": 0.03,
                "value": {
                  "coordinate": "overworld/erosion",
                  "points": [
                    {
                      "derivative": 0,
                      "location": -1,
                      "value": {
                        "coordinate": "overworld/ridges_folded",
                        "points": [
                          {
                            "derivative": 0,
                            "location": 0.19999999,
                            "value": 0
                          },
                          {
                            "derivative": 0,
                            "location": 0.44999996,
                            "value": 0
                          },
                          {
                            "derivative": 0,
                            "location": 1,
                            "value": {
                              "coordinate": "overworld/ridges",
                              "points": [
                                {
                                  "derivative": 0,
                                  "location": -0.01,
                                  "value": 0.63
                                },
                                {
                                  "derivative": 0,
                                  "location": 0.01,
                                  "value": 0.3
                                }
                              ]
                            }
                          }
                        ]
                      }
                    },
                    {
                      "derivative": 0,
                      "location": -0.78,
                      "value": {
                        "coordinate": "overworld/ridges_folded",
                        "points": [
                          {
                            "derivative": 0,
                            "location": 0.19999999,
                            "value": 0
                          },
                          {
                            "derivative": 0,
                            "location": 0.44999996,
                            "value": 0
                          },
                          {
                            "derivative": 0,
                            "location": 1,
                            "value": {
                              "coordinate": "overworld/ridges",
                              "points": [
                                {
                                  "derivative": 0,
                                  "location": -0.01,
                                  "value": 0.315
                                },
                                {
                                  "derivative": 0,
                                  "location": 0.01,
                                  "value": 0.15
                                }
                              ]
                            }
                          }
                        ]
                      }
                    },
                    {
                      "derivative": 0,
                      "location": -0.5775,
                      "value": {
                        "coordinate": "overworld/ridges_folded",
                        "points": [
                          {
                            "derivative": 0,
                            "location": 0.19999999,
                            "value": 0
                          },
                          {
                            "derivative": 0,
                            "location": 0.44999996,
                            "value": 0
                          },
                          {
                            "derivative": 0,
                            "location": 1,
                            "value": {
                              "coordinate": "overworld/ridges",
                              "points": [
                                {
                                  "derivative": 0,
                                  "location": -0.01,
                                  "value": 0.315
                                },
                                {
                                  "derivative": 0,
                                  "location": 0.01,
                                  "value": 0.15
                                }
                              ]
                            }
                          }
                        ]
                      }
                    },
                    {
                      "derivative": 0,
                      "location": -0.375,
                      "value": 0
                    },
                    {
                      "derivative": 0,
                      "location": -0.3,
                      "value": {
                        "coordinate": "overworld/ridges",
                        "points": [
                          {
                            "derivative": 0,
                            "location": -0.6,
                            "value": 0
                          },
                          {
                            "derivative": 0,
                            "location": -0.1,
                            "value": 0
                          },
                          {
                            "derivative": 0,
                            "location": -0.05,
                            "value": 0
                          },
                          {
                            "derivative": 0,
                            "location": 0,
                            "value": 0
                          },
                          {
                            "derivative": 0,
                            "location": 0.05,
                            "value": 0
                          },
                          {
                            "derivative": 0.9,
                            "location": 0.1,
                            "value": 0
                          },
                          {
                            "derivative": 0,
                            "location": 0.6,
                            "value": 0.1
                          }
                        ]
                      }
                    },
                    {
                      "derivative": 0,
                      "location": -0.1,
                      "value": {
                        "coordinate": "overworld/ridges",
                        "points": [
                          {
                            "derivative": 0,
                            "location": -0.6,
                            "value": 0
                          },
                          {
                            "derivative": 0,
                            "location": -0.1,
                            "value": 0
                          },
                          {
                            "derivative": 0,
                            "location": -0.05,
                            "value": 0
                          },
                          {
                            "derivative": 0,
                            "location": 0,
                            "value": 0
                          },
                          {
                            "derivative": 0,
                            "location": 0.05,
                            "value": 0
                          },
                          {
                            "derivative": 0.9,
                            "location": 0.1,
                            "value": 0
                          },
                          {
                            "derivative": 0,
                            "location": 0.6,
                            "value": 0.1
                          }
                        ]
                      }
                    },
                    {
                      "derivative": 0,
                      "location": 0,
                      "value": 0
                    }
                  ]
                }
              },
              {
                "derivative": 0,
                "location": 0,
                "value": 0
              },
              {
                "derivative": 0,
                "location": 0.25,
                "value": {
                  "coordinate": "overworld/ridges",
                  "points": [
                    {
                      "derivative": 0,
                      "location": -0.1,
                      "value": {
                        "coordinate": "overworld/erosion",
                        "points": [
                          {
                            "derivative": 0,
                            "location": 0.525,
                            "value": 0
                          },
                          {
                            "derivative": 0,
                            "location": 0.6,
                            "value": 0.3
                          },
                          {
                            "derivative": 0,
                            "location": 0.8,
                            "value": 0.85
                          }
                        ]
                      }
                    },
                    {
                      "derivative": 0,
                      "location": 0,
                      "value": 0
                    },
                    {
                      "derivative": 0,
                      "location": 0.1,
                      "value": {
                        "coordinate": "overworld/erosion",
                        "points": [
                          {
                            "derivative": 0,
                            "location": 0.525,
                            "value": 0
                          },
                          {
                            "derivative": 0,
                            "location": 0.62,
                            "value": 0.5
                          },
                          {
                            "derivative": 0,
                            "location": 0.8,
                            "value": 1
                          }
                        ]
                      }
                    }
                  ]
                }
              },
              {
                "derivative": 0,
                "location": 0.4,
                "value": {
                  "coordinate": "overworld/erosion",
                  "points": [
                    {
                      "derivative": 0,
                      "location": -1,
                      "value": {
                        "coordinate": "overworld/ridges_folded",
                        "points": [
                          {
                            "derivative": 0,
                            "location": 0.19999999,
                            "value": 0
                          },
                          {
                            "derivative": 0,
                            "location": 0.44999996,
                            "value": {
                              "coordinate": "overworld/ridges",
                              "points": [
                                {
                                  "derivative": 0,
                                  "location": -0.01,
                                  "value": 0.63
                                },
                                {
                                  "derivative": 0,
                                  "location": 0.01,
                                  "value": 0.3
                                }
                              ]
                            }
                          },
                          {
                            "derivative": 0,
                            "location": 1,
                            "value": {
                              "coordinate": "overworld/ridges",
                              "points": [
                                {
                                  "derivative": 0,
                                  "location": -0.01,
                                  "value": 0.63
                                },
                                {
                                  "derivative": 0,
                                  "location": 0.01,
                                  "value": 0.3
                                }
                              ]
                            }
                          }
                        ]
                      }
                    },
                    {
                      "derivative": 0,
                      "location": -0.78,
                      "value": {
                        "coordinate": "overworld/ridges_folded",
                        "points": [
                          {
                            "derivative": 0,
                            "location": 0.19999999,
                            "value": 0
                          },
                          {
                            "derivative": 0,
                            "location": 0.44999996,
                            "value": 0
                          },
                          {
                            "derivative": 0,
                            "location": 1,
                            "value": {
                              "coordinate": "overworld/ridges",
                              "points": [
                                {
                                  "derivative": 0,
                                  "location": -0.01,
                                  "value": 0.63
                                },
                                {
                                  "derivative": 0,
                                  "location": 0.01,
                                  "value": 0.3
                                }
                              ]
                            }
                          }
                        ]
                      }
                    },
                    {
                      "derivative": 0,
                      "location": -0.5775,
                      "value": {
                        "coordinate": "overworld/ridges_folded",
                        "points": [
                          {
                            "derivative": 0,
                            "location": 0.19999999,
                            "value": 0
                          },
                          {
                            "derivative": 0,
                            "location": 0.44999996,
                            "value": 0
                          },
                          {
                            "derivative": 0,
                            "location": 1,
                            "value": {
                              "coordinate": "overworld/ridges",
                              "points": [
                                {
                                  "derivative": 0,
                                  "location": -0.01,
                                  "value": 0.63
                                },
                                {
                                  "derivative": 0,
                                  "location": 0.01,
                                  "value": 0.3
                                }
                              ]
                            }
                          }
                        ]
                      }
                    },
                    {
                      "derivative": 0,
                      "location": -0.375,
                      "value": 0
                    },
                    {
                      "derivative": 0,
                      "location": 0.05,
                      "value": 0
                    },
                    {
                      "derivative": 0,
                      "location": 0.25,
                      "value": {
                        "coordinate": "overworld/ridges",
                        "points": [
                          {
                            "derivative": 0,
                            "location": 0.1,
                            "value": 0
                          }
                        ]
                      }
                    },
                    {
                      "derivative": 0,
                      "location": 0.45,
                      "value": 0
                    }
                  ]
                }
              },
              {
                "derivative": 0,
                "location": 0.65,
                "value": {
                  "coordinate": "overworld/erosion",
                  "points": [
                    {
                      "derivative": 0,
                      "location": -1,
                      "value": {
                        "coordinate": "overworld/ridges_folded",
                        "points": [
                          {
                            "derivative": 0,
                            "location": 0.19999999,
                            "value": 0
                          },
                          {
                            "derivative": 0,
                            "location": 0.44999996,
                            "value": {
                              "coordinate": "overworld/ridges",
                              "points": [
                                {
                                  "derivative": 0,
                                  "location": -0.01,
                                  "value": 0.63
                                },
                                {
                                  "derivative": 0,
                                  "location": 0.01,
                                  "value": 0.3
                                }
                              ]
                            }
                          },
                          {
                            "derivative": 0,
                            "location": 1,
                            "value": {
                              "coordinate": "overworld/ridges",
                              "points": [
                                {
                                  "derivative": 0,
                                  "location": -0.01,
                                  "value": 0.63
                                },
                                {
                                  "derivative": 0,
                                  "location": 0.01,
                                  "value": 0.3
                                }
                              ]
                            }
                          }
                        ]
                      }
                    },
                    {
                      "derivative": 0,
                      "location": -0.78,
                      "value": {
                        "coordinate": "overworld/ridges_folded",
                        "points": [
                          {
                            "derivative": 0,
                            "location": 0.19999999,
                            "value": 0
                          },
                          {
                            "derivative": 0,
                            "location": 0.44999996,
                            "value": 0
                          },
                          {
                            "derivative": 0,
                            "location": 1,
                            "value": {
                              "coordinate": "overworld/ridges",
                              "points": [
                                {
                                  "derivative": 0,
                                  "location": -0.01,
                                  "value": 0.63
                                },
                                {
                                  "derivative": 0,
                                  "location": 0.01,
                                  "value": 0.3
                                }
                              ]
                            }
                          }
                        ]
                      }
                    },
                    {
                      "derivative": 0,
                      "location": -0.5775,
                      "value": {
                        "coordinate": "overworld/ridges_folded",
                        "points": [
                          {
                            "derivative": 0,
                            "location": 0.19999999,
                            "value": 0
                          },
                          {
                            "derivative": 0,
                            "location": 0.44999996,
                            "value": 0
                          },
                          {
                            "derivative": 0,
                            "location": 1,
                            "value": {
                              "coordinate": "overworld/ridges",
                              "points": [
                                {
                                  "derivative": 0,
                                  "location": -0.01,
                                  "value": 0.63
                                },
                                {
                                  "derivative": 0,
                                  "location": 0.01,
                                  "value": 0.3
                                }
                              ]
                            }
                          }
                        ]
                      }
                    },
                    {
                      "derivative": 0,
                      "location": -0.375,
                      "value": 0
                    },
                    {
                      "derivative": 0,
                      "location": 0.05,
                      "value": 0
                    },
                    {
                      "derivative": 0,
                      "location": 0.25,
                      "value": {
                        "coordinate": "overworld/ridges",
                        "points": [
                          {
                            "derivative": 0,
                            "location": -0.6,
                            "value": 0
                          },
                          {
                            "derivative": -0.25,
                            "location": -0.1,
                            "value": 0
                          },
                          {
                            "derivative": 0,
                            "location": 0,
                            "value": 0
                          },
                          {
                            "derivative": 0,
                            "location": 0.6,
                            "value": 0
                          },
                          {
                            "derivative": 0,
                            "location": 0.8,
                            "value": 0
                          }
                        ]
                      }
                    },
                    {
                      "derivative": 0,
                      "location": 0.45,
                      "value": 0
                    }
                  ]
                }
              }
            ]
          }
        },
        "argument2": {
          "type": "minecraft:cache_once",
          "argument": {
            "type": "minecraft:blend_alpha"
          }
        }
      }
    }
  }
}