{
  "type": "minecraft:flat_cache",
  "argument": {
    "type": "minecraft:cache_2d",
    "argument": {
      "type": "minecraft:add",
      "argument1": {
        "type": "minecraft:mul",
        "argument1": {
          "type": "minecraft:blend_offset"
        },
        "argument2": {
          "type": "minecraft:add",
          "argument1": 1.0,
          "argument2": {
            "type": "minecraft:mul",
            "argument1": -1.0,
            "argument2": {
              "type": "minecraft:cache_once",
              "argument": {
                "type": "minecraft:blend_alpha"
              }
            }
          }
        }
      },
      "argument2": {
        "type": "minecraft:mul",
        "argument1": {
          "type": "minecraft:add",
          "argument1": -0.5037500262260437,
          "argument2": {
            "type": "minecraft:spline",
            "spline": {
              "coordinate": "overworld/continents",
              "points": [
                {
                  "derivative": 0,
                  "location": -0.925,
                  "value": {
                    "coordinate": "overworld/erosion",
                    "points": [
                      {
                        "derivative": 0,
                        "location": -1,
                        "value": -0.45
                      },
                      {
                        "derivative": 0,
                        "location": -0.81,
                        "value": -0.45
                      },
                      {
                        "derivative": 0,
                        "location": -0.79,
                        "value": -0.45
                      },
                      {
                        "derivative": 0,
                        "location": -0.77,
                        "value": 0.04
                      },
                      {
                        "derivative": 0,
                        "location": -0.7,
                        "value": 0.15
                      },
                      {
                        "derivative": 0,
                        "location": -0.45,
                        "value": 0.215
                      },
                      {
                        "derivative": 0,
                        "location": -0.305,
                        "value": 0.15
                      },
                      {
                        "derivative": 0,
                        "location": -0.2365,
                        "value": 0.04
                      },
                      {
                        "derivative": 0,
                        "location": -0.2275,
                        "value": -0.45
                      },
                      {
                        "derivative": 0,
                        "location": 0.055,
                        "value": -0.45
                      },
                      {
                        "derivative": 0,
                        "location": 0.065,
                        "value": 0.03
                      },
                      {
                        "derivative": 0,
                        "location": 0.15,
                        "value": {
                          "coordinate": "overworld/ridges",
                          "points": [
                            {
                              "derivative": 0,
                              "location": -0.6,
                              "value": 0.7
                            },
                            {
                              "derivative": -1,
                              "location": -0.1,
                              "value": 0.25
                            },
                            {
                              "derivative": 1,
                              "location": 0.1,
                              "value": 0.2
                            },
                            {
                              "derivative": 0,
                              "location": 0.6,
                              "value": 0.25
                            }
                          ]
                        }
                      },
                      {
                        "derivative": 0,
                        "location": 0.325,
                        "value": {
                          "coordinate": "overworld/ridges",
                          "points": [
                            {
                              "derivative": 0,
                              "location": -1,
                              "value": 0.1
                            },
                            {
                              "derivative": 0,
                              "location": -0.1,
                              "value": 0.1
                            },
                            {
                              "derivative": 1,
                              "location": 0.1,
                              "value": 0.15
                            }
                          ]
                        }
                      },
                      {
                        "derivative": 0,
                        "location": 0.37,
                        "value": 0.03
                      },
                      {
                        "derivative": 0,
                        "location": 0.4,
                        "value": -0.45
                      },
                      {
                        "derivative": 0,
                        "location": 0.54,
                        "value": -0.45
                      },
                      {
                        "derivative": 0,
                        "location": 0.59,
                        "value": -0.04
                      },
                      {
                        "derivative": 0,
                        "location": 1,
                        "value": -0.04
                      }
                    ]
                  }
                },
                {
                  "derivative": 0,
                  "location": -0.9,
                  "value": {
                    "coordinate": "overworld/ridges",
                    "points": [
                      {
                        "derivative": 0,
                        "location": 0,
                        "value": -0.4
                      },
                      {
                        "derivative": 0,
                        "location": 0.125,
                        "value": -0.5
                      },
                      {
                        "derivative": 0,
                        "location": 0.25,
                        "value": -0.4
                      }
                    ]
                  }
                },
                {
                  "derivative": 0,
                  "location": -0.85,
                  "value": {
                    "coordinate": "overworld/ridges",
                    "points": [
                      {
                        "derivative": 0,
                        "location": 0,
                        "value": -0.5
                      },
                      {
                        "derivative": 0,
                        "location": 0.125,
                        "value": -0.825
                      },
                      {
                        "derivative": 0,
                        "location": 0.25,
                        "value": -0.5
                      }
                    ]
                  }
                },
                {
                  "derivative": 0,
                  "location": -0.7,
                  "value": {
                    "coordinate": "overworld/ridges",
                    "points": [
                      {
                        "derivative": 0,
                        "location": 0,
                        "value": -0.5
                      },
                      {
                        "derivative": 0,
                        "location": 0.125,
                        "value": -0.8
                      },
                      {
                        "derivative": 0,
                        "location": 0.25,
                        "value": -0.5
                      }
                    ]
                  }
                },
                {
                  "derivative": -0.25,
                  "location": -0.455,
                  "value": -0.25
                },
                {
                  "derivative": 0,
                  "location": -0.34,
                  "value": -0.12
                },
                {
                  "derivative": 0,
                  "location": -0.1925,
                  "value": -0.12
                },
                {
                  "derivative": 0,
                  "location": -0.175,
                  "value": {
                    "coordinate": "overworld/erosion",
                    "points": [
                      {
                        "derivative": 0,
                        "location": -0.85,
                        "value": {
                          "coordinate": "overworld/ridges_folded",
                          "points": [
                            {
                              "derivative": 0.38940096,
                              "location": -1,
                              "value": -0.08880186
                            },
                            {
                              "derivative": 0.38940096,
                              "location": 1,
                              "value": 0.69000006
                            }
                          ]
                        }
                      },
                      {
                        "derivative": 0,
                        "location": -0.7,
                        "value": {
                          "coordinate": "overworld/ridges_folded",
                          "points": [
                            {
                              "derivative": 0.37788022,
                              "location": -1,
                              "value": -0.115760356
                            },
                            {
                              "derivative": 0.37788022,
                              "location": 1,
                              "value": 0.6400001
                            }
                          ]
                        }
                      },
                      {
                        "derivative": 0,
                        "location": -0.4,
                        "value": {
                          "coordinate": "overworld/ridges_folded",
                          "points": [
                            {
                              "derivative": 0,
                              "location": -1,
                              "value": -0.2222
                            },
                            {
                              "derivative": 0,
                              "location": -0.75,
                              "value": -0.2222
                            },
                            {
                              "derivative": 0,
                              "location": -0.65,
                              "value": 0
                            },
                            {
                              "derivative": 0,
                              "location": 0.5954547,
                              "value": 2.9802322e-08
                            },
                            {
                              "derivative": 0.2534563,
                              "location": 0.6054547,
                              "value": 2.9802322e-08
                            },
                            {
                              "derivative": 0.2534563,
                              "location": 1,
                              "value": 0.100000024
                            }
                          ]
                        }
                      },
                      {
                        "derivative": 0,
                        "location": -0.35,
                        "value": {
                          "coordinate": "overworld/ridges_folded",
                          "points": [
                            {
                              "derivative": 0.5,
                              "location": -1,
                              "value": -0.3
                            },
                            {
                              "derivative": 0,
                              "location": -0.4,
                              "value": 0.05
                            },
                            {
                              "derivative": 0,
                              "location": 0,
                              "value": 0.05
                            },
                            {
                              "derivative": 0,
                              "location": 0.4,
                              "value": 0.05
                            },
                            {
                              "derivative": 0.007000001,
                              "location": 1,
                              "value": 0.060000002
                            }
                          ]
                        }
                      },
                      {
                        "derivative": 0,
                        "location": -0.1,
                        "value": {
                          "coordinate": "overworld/ridges_folded",
                          "points": [
                            {
                              "derivative": 0.5,
                              "location": -1,
                              "value": -0.15
                            },
                            {
                              "derivative": 0,
                              "location": -0.4,
                              "value": 0
                            },
                            {
                              "derivative": 0,
                              "location": 0,
                              "value": 0
                            },
                            {
                              "derivative": 0.1,
                              "location": 0.4,
                              "value": 0.05
                            },
                            {
                              "derivative": 0.007000001,
                              "location": 1,
                              "value": 0.060000002
                            }
                          ]
                        }
                      },
                      {
                        "derivative": 0,
                        "location": 0.2,
                        "value": {
                          "coordinate": "overworld/ridges_folded",
                          "points": [
                            {
                              "derivative": 0.5,
                              "location": -1,
                              "value": -0.15
                            },
                            {
                              "derivative": 0,
                              "location": -0.4,
                              "value": 0
                            },
                            {
                              "derivative": 0,
                              "location": 0,
                              "value": 0
                            },
                            {
                              "derivative": 0,
                              "location": 0.4,
                              "value": 0
                            },
                            {
                              "derivative": 0,
                              "location": 1,
                              "value": 0
                            }
                          ]
                        }
                      },
                      {
                        "derivative": 0,
                        "location": 0.7,
                        "value": {
                          "coordinate": "overworld/ridges_folded",
                          "points": [
                            {
                              "derivative": 0,
                              "location": -1,
                              "value": -0.02
                            },
                            {
                              "derivative": 0,
                              "location": -0.4,
                              "value": -0.03
                            },
                            {
                              "derivative": 0,
                              "location": 0,
                              "value": -0.03
                            },
                            {
                              "derivative": 0.06,
                              "location": 0.4,
                              "value": 0
                            },
                            {
                              "derivative": 0,
                              "location": 1,
                              "value": 0
                            }
                          ]
                        }
                      }
                    ]
                  }
                },
                {
                  "derivative": 0,
                  "location": -0.15,
                  "value": {
                    "coordinate": "overworld/erosion",
                    "points": [
                      {
                        "derivative": 0,
                        "location": -0.85,
                        "value": {
                          "coordinate": "overworld/ridges_folded",
                          "points": [
                            {
                              "derivative": 0.38940096,
                              "location": -1,
                              "value": -0.08880186
                            },
                            {
                              "derivative": 0.38940096,
                              "location": 1,
                              "value": 0.69000006
                            }
                          ]
                        }
                      },
                      {
                        "derivative": 0,
                        "location": -0.7,
                        "value": {
                          "coordinate": "overworld/ridges_folded",
                          "points": [
                            {
                              "derivative": 0.37788022,
                              "location": -1,
                              "value": -0.115760356
                            },
                            {
                              "derivative": 0.37788022,
                              "location": 1,
                              "value": 0.6400001
                            }
                          ]
                        }
                      },
                      {
                        "derivative": 0,
                        "location": -0.4,
                        "value": {
                          "coordinate": "overworld/ridges_folded",
                          "points": [
                            {
                              "derivative": 0,
                              "location": -1,
                              "value": -0.2222
                            },
                            {
                              "derivative": 0,
                              "location": -0.75,
                              "value": -0.2222
                            },
                            {
                              "derivative": 0,
                              "location": -0.65,
                              "value": 0
                            },
                            {
                              "derivative": 0,
                              "location": 0.5954547,
                              "value": 2.9802322e-08
                            },
                            {
                              "derivative": 0.2534563,
                              "location": 0.6054547,
                              "value": 2.9802322e-08
                            },
                            {
                              "derivative": 0.2534563,
                              "location": 1,
                              "value": 0.100000024
                            }
                          ]
                        }
                      },
                      {
                        "derivative": 0,
                        "location": -0.35,
                        "value": {
                          "coordinate": "overworld/ridges_folded",
                          "points": [
                            {
                              "derivative": 0.5,
                              "location": -1,
                              "value": -0.3
                            },
                            {
                              "derivative": 0,
                              "location": -0.4,
                              "value": 0.05
                            },
                            {
                              "derivative": 0,
                              "location": 0,
                              "value": 0.05
                            },
                            {
                              "derivative": 0,
                              "location": 0.4,
                              "value": 0.05
                            },
                            {
                              "derivative": 0.007000001,
                              "location": 1,
                              "value": 0.060000002
                            }
                          ]
                        }
                      },
                      {
                        "derivative": 0,
                        "location": -0.1,
                        "value": {
                          "coordinate": "overworld/ridges_folded",
                          "points": [
                            {
                              "derivative": 0.5,
                              "location": -1,
                              "value": -0.15
                            },
                            {
                              "derivative": 0,
                              "location": -0.4,
                              "value": 0
                            },
                            {
                              "derivative": 0,
                              "location": 0,
                              "value": 0
                            },
                            {
                              "derivative": 0.1,
                              "location": 0.4,
                              "value": 0.05
                            },
                            {
                              "derivative": 0.007000001,
                              "location": 1,
                              "value": 0.060000002
                            }
                          ]
                        }
                      },
                      {
                        "derivative": 0,
                        "location": 0.2,
                        "value": {
                          "coordinate": "overworld/ridges_folded",
                          "points": [
                            {
                              "derivative": 0.5,
                              "location": -1,
                              "value": -0.15
                            },
                            {
                              "derivative": 0,
                              "location": -0.4,
                              "value": 0
                            },
                            {
                              "derivative": 0,
                              "location": 0,
                              "value": 0
                            },
                            {
                              "derivative": 0,
                              "location": 0.4,
                              "value": 0
                            },
                            {
                              "derivative": 0,
                              "location": 1,
                              "value": 0
                            }
                          ]
                        }
                      },
                      {
                        "derivative": 0,
                        "location": 0.7,
                        "value": {
                          "coordinate": "overworld/ridges_folded",
                          "points": [
                            {
                              "derivative": 0,
                              "location": -1,
                              "value": -0.02
                            },
                            {
                              "derivative": 0,
                              "location": -0.4,
                              "value": -0.03
                            },
                            {
                              "derivative": 0,
                              "location": 0,
                              "value": -0.03
                            },
                            {
                              "derivative": 0.06,
                              "location": 0.4,
                              "value": 0
                            },
                            {
                              "derivative": 0,
                              "location": 1,
                              "value": 0
                            }
                          ]
                        }
                      }
                    ]
                  }
                },
                {
                  "derivative": 0,
                  "location": -0.1,
                  "value": {
                    "coordinate": "overworld/erosion",
                    "points": [
                      {
                        "derivative": 0,
                        "location": -0.85,
                        "value": {
                          "coordinate": "overworld/ridges_folded",
                          "points": [
                            {
                              "derivative": 0.38940096,
                              "location": -1,
                              "value": -0.08880186
                            },
                            {
                              "derivative": 0.38940096,
                              "location": 1,
                              "value": 0.69000006
                            }
                          ]
                        }
                      },
                      {
                        "derivative": 0,
                        "location": -0.7,
                        "value": {
                          "coordinate": "overworld/ridges_folded",
                          "points": [
                            {
                              "derivative": 0.37788022,
                              "location": -1,
                              "value": -0.115760356
                            },
                            {
                              "derivative": 0.37788022,
                              "location": 1,
                              "value": 0.6400001
                            }
                          ]
                        }
                      },
                      {
                        "derivative": 0,
                        "location": -0.4,
                        "value": {
                          "coordinate": "overworld/ridges_folded",
                          "points": [
                            {
                              "derivative": 0,
                              "location": -1,
                              "value": -0.2222
                            },
                            {
                              "derivative": 0,
                              "location": -0.75,
                              "value": -0.2222
                            },
                            {
                              "derivative": 0,
                              "location": -0.65,
                              "value": 0
                            },
                            {
                              "derivative": 0,
                              "location": 0.5954547,
                              "value": 2.9802322e-08
                            },
                            {
                              "derivative": 0.2534563,
                              "location": 0.6054547,
                              "value": 2.9802322e-08
                            },
                            {
                              "derivative": 0.2534563,
                              "location": 1,
                              "value": 0.100000024
                            }
                          ]
                        }
                      },
                      {
                        "derivative": 0,
                        "location": -0.35,
                        "value": {
                          "coordinate": "overworld/ridges_folded",
                          "points": [
                            {
                              "derivative": 0.5,
                              "location": -1,
                              "value": -0.25
                            },
                            {
                              "derivative": 0,
                              "location": -0.4,
                              "value": 0.05
                            },
                            {
                              "derivative": 0,
                              "location": 0,
                              "value": 0.05
                            },
                            {
                              "derivative": 0,
                              "location": 0.4,
                              "value": 0.05
                            },
                            {
                              "derivative": 0.007000001,
                              "location": 1,
                              "value": 0.060000002
                            }
                          ]
                        }
                      },
                      {
                        "derivative": 0,
                        "location": -0.1,
                        "value": {
                          "coordinate": "overworld/ridges_folded",
                          "points": [
                            {
                              "derivative": 0.5,
                              "location": -1,
                              "value": -0.1
                            },
                            {
                              "derivative": 0.01,
                              "location": -0.4,
                              "value": 0.001
                            },
                            {
                              "derivative": 0.01,
                              "location": 0,
                              "value": 0.003
                            },
                            {
                              "derivative": 0.094000004,
                              "location": 0.4,
                              "value": 0.05
                            },
                            {
                              "derivative": 0.007000001,
                              "location": 1,
                              "value": 0.060000002
                            }
                          ]
                        }
                      },
                      {
                        "derivative": 0,
                        "location": 0.2,
                        "value": {
                          "coordinate": "overworld/ridges_folded",
                          "points": [
                            {
                              "derivative": 0.5,
                              "location": -1,
                              "value": -0.1
                            },
                            {
                              "derivative": 0,
                              "location": -0.4,
                              "value": 0.01
                            },
                            {
                              "derivative": 0,
                              "location": 0,
                              "value": 0.01
                            },
                            {
                              "derivative": 0.04,
                              "location": 0.4,
                              "value": 0.03
                            },
                            {
                              "derivative": 0.049,
                              "location": 1,
                              "value": 0.1
                            }
                          ]
                        }
                      },
                      {
                        "derivative": 0,
                        "location": 0.7,
                        "value": {
                          "coordinate": "overworld/ridges_folded",
                          "points": [
                            {
                              "derivative": 0,
                              "location": -1,
                              "value": -0.1
                            },
                            {
                              "derivative": 0,
                              "location": -0.4,
                              "value": -0.03
                            },
                            {
                              "derivative": 0,
                              "location": 0,
                              "value": -0.03
                            },
                            {
                              "derivative": 0.06,
                              "location": 0.4,
                              "value": -0.01
                            },
                            {
                              "derivative": 0.025,
                              "location": 1,
                              "value": 0.0125
                            }
                          ]
                        }
                      }
                    ]
                  }
                },
                {
                  "derivative": 0,
                  "location": 0.25,
                  "value": {
                    "coordinate": "overworld/erosion",
                    "points": [
                      {
                        "derivative": 0,
                        "location": -0.85,
                        "value": {
                          "coordinate": "overworld/ridges_folded",
                          "points": [
                            {
                              "derivative": 0,
                              "location": -1,
                              "value": 0.20235021
                            },
                            {
                              "derivative": 0.5138249,
                              "location": 0,
                              "value": 0.7161751
                            },
                            {
                              "derivative": 0.5138249,
                              "location": 1,
                              "value": 1.23
                            }
                          ]
                        }
                      },
                      {
                        "derivative": 0,
                        "location": -0.7,
                        "value": {
                          "coordinate": "overworld/ridges_folded",
                          "points": [
                            {
                              "derivative": 0,
                              "location": -1,
                              "value": 0.2
                            },
                            {
                              "derivative": 0.43317974,
                              "location": 0,
                              "value": 0.44682026
                            },
                            {
                              "derivative": 0.43317974,
                              "location": 1,
                              "value": 0.88
                            }
                          ]
                        }
                      },
                      {
                        "derivative": 0,
                        "location": -0.4,
                        "value": {
                          "coordinate": "overworld/ridges_folded",
                          "points": [
                            {
                              "derivative": 0,
                              "location": -1,
                              "value": 0.2
                            },
                            {
                              "derivative": 0.3917051,
                              "location": 0,
                              "value": 0.30829495
                            },
                            {
                              "derivative": 0.3917051,
                              "location": 1,
                              "value": 0.70000005
                            }
                          ]
                        }
                      },
                      {
                        "derivative": 0,
                        "location": -0.35,
                        "value": {
                          "coordinate": "overworld/ridges_folded",
                          "points": [
                            {
                              "derivative": 0.5,
                              "location": -1,
                              "value": -0.25
                            },
                            {
                              "derivative": 0,
                              "location": -0.4,
                              "value": 0.35
                            },
                            {
                              "derivative": 0,
                              "location": 0,
                              "value": 0.35
                            },
                            {
                              "derivative": 0,
                              "location": 0.4,
                              "value": 0.35
                            },
                            {
                              "derivative": 0.049000014,
                              "location": 1,
                              "value": 0.42000002
                            }
                          ]
                        }
                      },
                      {
                        "derivative": 0,
                        "location": -0.1,
                        "value": {
                          "coordinate": "overworld/ridges_folded",
                          "points": [
                            {
                              "derivative": 0.5,
                              "location": -1,
                              "value": -0.1
                            },
                            {
                              "derivative": 0.07,
                              "location": -0.4,
                              "value": 0.0069999998
                            },
                            {
                              "derivative": 0.07,
                              "location": 0,
                              "value": 0.021
                            },
                            {
                              "derivative": 0.658,
                              "location": 0.4,
                              "value": 0.35
                            },
                            {
                              "derivative": 0.049000014,
                              "location": 1,
                              "value": 0.42000002
                            }
                          ]
                        }
                      },
                      {
                        "derivative": 0,
                        "location": 0.25,
                        "value": {
                          "coordinate": "overworld/ridges_folded",
                          "points": [
                            {
                              "derivative": 0.5,
                              "location": -1,
                              "value": -0.1
                            },
                            {
                              "derivative": 0,
                              "location": -0.4,
                              "value": 0.01
                            },
                            {
                              "derivative": 0,
                              "location": 0,
                              "value": 0.01
                            },
                            {
                              "derivative": 0.04,
                              "location": 0.4,
                              "value": 0.03
                            },
                            {
                              "derivative": 0.049,
                              "location": 1,
                              "value": 0.1
                            }
                          ]
                        }
                      },
                      {
                        "derivative": 0,
                        "location": 0.4,
                        "value": {
                          "coordinate": "overworld/ridges",
                          "points": [
                            {
                              "derivative": 0,
                              "location": -0.65,
                              "value": {
                                "coordinate": "overworld/erosion",
                                "points": [
                                  {
                                    "derivative": 0,
                                    "location": 0.4,
                                    "value": 1.1
                                  },
                                  {
                                    "derivative": 0,
                                    "location": 0.45,
                                    "value": 1.2
                                  },
                                  {
                                    "derivative": 0,
                                    "location": 0.5,
                                    "value": 1.3
                                  }
                                ]
                              }
                            },
                            {
                              "derivative": -1,
                              "location": -0.6,
                              "value": {
                                "coordinate": "overworld/continents",
                                "points": [
                                  {
                                    "derivative": 0,
                                    "location": 0.375,
                                    "value": 0.9
                                  },
                                  {
                                    "derivative": 0,
                                    "location": 0.5,
                                    "value": 0.8
                                  },
                                  {
                                    "derivative": 0,
                                    "location": 0.625,
                                    "value": 0.7
                                  }
                                ]
                              }
                            },
                            {
                              "derivative": 0,
                              "location": -0.4,
                              "value": {
                                "coordinate": "overworld/continents",
                                "points": [
                                  {
                                    "derivative": 0,
                                    "location": 0.375,
                                    "value": 0.9
                                  },
                                  {
                                    "derivative": 0,
                                    "location": 0.5,
                                    "value": 0.8
                                  },
                                  {
                                    "derivative": 0,
                                    "location": 0.625,
                                    "value": 0.7
                                  }
                                ]
                              }
                            },
                            {
                              "derivative": -2,
                              "location": -0.32,
                              "value": {
                                "coordinate": "overworld/continents",
                                "points": [
                                  {
                                    "derivative": 0,
                                    "location": 0.4,
                                    "value": 0.4
                                  },
                                  {
                                    "derivative": 0,
                                    "location": 0.5,
                                    "value": 0.45
                                  },
                                  {
                                    "derivative": 0,
                                    "location": 0.6,
                                    "value": 0.5
                                  }
                                ]
                              }
                            },
                            {
                              "derivative": 0,
                              "location": -0.2,
                              "value": {
                                "coordinate": "overworld/continents",
                                "points": [
                                  {
                                    "derivative": 0,
                                    "location": 0.4,
                                    "value": 0.35
                                  },
                                  {
                                    "derivative": 0,
                                    "location": 0.5,
                                    "value": 0.4
                                  },
                                  {
                                    "derivative": 0,
                                    "location": 0.6,
                                    "value": 0.45
                                  }
                                ]
                              }
                            },
                            {
                              "derivative": 0,
                              "location": -0.13,
                              "value": 0.03
                            },
                            {
                              "derivative": 0,
                              "location": -0.07,
                              "value": 0.0125
                            },
                            {
                              "derivative": 0,
                              "location": 0,
                              "value": -0.15
                            },
                            {
                              "derivative": 0,
                              "location": 0.07,
                              "value": 0.0125
                            },
                            {
                              "derivative": 0,
                              "location": 0.13,
                              "value": 0.03
                            },
                            {
                              "derivative": 0,
                              "location": 0.2,
                              "value": {
                                "coordinate": "overworld/continents",
                                "points": [
                                  {
                                    "derivative": 0,
                                    "location": 0.4,
                                    "value": 0.45
                                  },
                                  {
                                    "derivative": 0,
                                    "location": 0.5,
                                    "value": 0.4
                                  },
                                  {
                                    "derivative": 0,
                                    "location": 0.6,
                                    "value": 0.35
                                  }
                                ]
                              }
                            },
                            {
                              "derivative": 2,
                              "location": 0.32,
                              "value": {
                                "coordinate": "overworld/continents",
                                "points": [
                                  {
                                    "derivative": 0,
                                    "location": 0.4,
                                    "value": 0.5
                                  },
                                  {
                                    "derivative": 0,
                                    "location": 0.5,
                                    "value": 0.45
                                  },
                                  {
                                    "derivative": 0,
                                    "location": 0.6,
                                    "value": 0.4
                                  }
                                ]
                              }
                            },
                            {
                              "derivative": 0,
                              "location": 0.4,
                              "value": {
                                "coordinate": "overworld/continents",
                                "points": [
                                  {
                                    "derivative": 0,
                                    "location": 0.375,
                                    "value": 0.7
                                  },
                                  {
                                    "derivative": 0,
                                    "location": 0.5,
                                    "value": 0.8
                                  },
                                  {
                                    "derivative": 0,
                                    "location": 0.625,
                                    "value": 0.9
                                  }
                                ]
                              }
                            },
                            {
                              "derivative": 1,
                              "location": 0.6,
                              "value": {
                                "coordinate": "overworld/continents",
                                "points": [
                                  {
                                    "derivative": 0,
                                    "location": 0.375,
                                    "value": 0.7
                                  },
                                  {
                                    "derivative": 0,
                                    "location": 0.5,
                                    "value": 0.8
                                  },
                                  {
                                    "derivative": 0,
                                    "location": 0.625,
                                    "value": 0.9
                                  }
                                ]
                              }
                            },
                            {
                              "derivative": 0,
                              "location": 0.65,
                              "value": {
                                "coordinate": "overworld/erosion",
                                "points": [
                                  {
                                    "derivative": 0,
                                    "location": 0.4,
                                    "value": 1.3
                                  },
                                  {
                                    "derivative": 0,
                                    "location": 0.45,
                                    "value": 1.2
                                  },
                                  {
                                    "derivative": 0,
                                    "location": 0.5,
                                    "value": 1.1
                                  }
                                ]
                              }
                            }
                          ]
                        }
                      },
                      {
                        "derivative": 0,
                        "location": 0.65,
                        "value": {
                          "coordinate": "overworld/ridges",
                          "points": [
                            {
                              "derivative": -0.1,
                              "location": -0.1,
                              "value": 0.04
                            },
                            {
                              "derivative": 0,
                              "location": 0,
                              "value": -0.15
                            },
                            {
                              "derivative": 0.6,
                              "location": 0.1,
                              "value": 0.04
                            },
                            {
                              "derivative": 0,
                              "location": 1,
                              "value": 0.64
                            }
                          ]
                        }
                      }
                    ]
                  }
                },
                {
                  "derivative": 0,
                  "location": 1,
                  "value": {
                    "coordinate": "overworld/erosion",
                    "points": [
                      {
                        "derivative": 0,
                        "location": -0.85,
                        "value": {
                          "coordinate": "overworld/ridges_folded",
                          "points": [
                            {
                              "derivative": 0,
                              "location": -1,
                              "value": 0.34792626
                            },
                            {
                              "derivative": 0.5760369,
                              "location": 0,
                              "value": 0.9239631
                            },
                            {
                              "derivative": 0.5760369,
                              "location": 1,
                              "value": 1.5
                            }
                          ]
                        }
                      },
                      {
                        "derivative": 0,
                        "location": -0.7,
                        "value": {
                          "coordinate": "overworld/ridges_folded",
                          "points": [
                            {
                              "derivative": 0,
                              "location": -1,
                              "value": 0.2
                            },
                            {
                              "derivative": 0.4608295,
                              "location": 0,
                              "value": 0.5391705
                            },
                            {
                              "derivative": 0.4608295,
                              "location": 1,
                              "value": 1
                            }
                          ]
                        }
                      },
                      {
                        "derivative": 0,
                        "location": -0.4,
                        "value": {
                          "coordinate": "overworld/ridges_folded",
                          "points": [
                            {
                              "derivative": 0,
                              "location": -1,
                              "value": 0.2
                            },
                            {
                              "derivative": 0.4608295,
                              "location": 0,
                              "value": 0.5391705
                            },
                            {
                              "derivative": 0.4608295,
                              "location": 1,
                              "value": 1
                            }
                          ]
                        }
                      },
                      {
                        "derivative": 0,
                        "location": -0.35,
                        "value": {
                          "coordinate": "overworld/ridges_folded",
                          "points": [
                            {
                              "derivative": 0.5,
                              "location": -1,
                              "value": -0.2
                            },
                            {
                              "derivative": 0,
                              "location": -0.4,
                              "value": 0.5
                            },
                            {
                              "derivative": 0,
                              "location": 0,
                              "value": 0.5
                            },
                            {
                              "derivative": 0,
                              "location": 0.4,
                              "value": 0.5
                            },
                            {
                              "derivative": 0.070000015,
                              "location": 1,
                              "value": 0.6
                            }
                          ]
                        }
                      },
                      {
                        "derivative": 0,
                        "location": -0.24,
                        "value": {
                          "coordinate": "overworld/ridges_folded",
                          "points": [
                            {
                              "derivative": 0.5,
                              "location": -1,
                              "value": -0.2
                            },
                            {
                              "derivative": 0,
                              "location": -0.4,
                              "value": 0.5
                            },
                            {
                              "derivative": 0,
                              "location": 0,
                              "value": 0.5
                            },
                            {
                              "derivative": 0,
                              "location": 0.4,
                              "value": 0.5
                            },
                            {
                              "derivative": 0.070000015,
                              "location": 1,
                              "value": 0.6
                            }
                          ]
                        }
                      },
                      {
                        "derivative": 0,
                        "location": -0.2,
                        "value": {
                          "coordinate": "overworld/ridges",
                          "points": [
                            {
                              "derivative": 1.5,
                              "location": -1.33333334,
                              "value": -0.1
                            },
                            {
                              "derivative": 0,
                              "location": -1.1333333733333333,
                              "value": 0.01
                            },
                            {
                              "derivative": 0,
                              "location": -1.00000004,
                              "value": 0.01
                            },
                            {
                              "derivative": 0.12,
                              "location": -0.8666667066666666,
                              "value": 0.03
                            },
                            {
                              "derivative": 0.05,
                              "location": -0.6666667,
                              "value": 0.02
                            },
                            {
                              "derivative": -0.05,
                              "location": -0.6666667,
                              "value": 0.02
                            },
                            {
                              "derivative": -0.05,
                              "location": -0.4666666933333333,
                              "value": -0.03
                            },
                            {
                              "derivative": 0,
                              "location": -0.33333335999999997,
                              "value": -0.01
                            },
                            {
                              "derivative": 0,
                              "location": -0.2000000266666666,
                              "value": 0.01
                            },
                            {
                              "derivative": -1.5,
                              "location": 0,
                              "value": -0.1
                            },
                            {
                              "derivative": 1.5,
                              "location": 0,
                              "value": -0.1
                            },
                            {
                              "derivative": 0,
                              "location": 0.2000000266666666,
                              "value": 0.01
                            },
                            {
                              "derivative": 0,
                              "location": 0.33333335999999997,
                              "value": 0.01
                            },
                            {
                              "derivative": 0.03,
                              "location": 0.4666666933333333,
                              "value": 0.03
                            },
                            {
                              "derivative": 0.05,
                              "location": 0.6666667,
                              "value": -0.02
                            },
                            {
                              "derivative": -0.05,
                              "location": 0.6666667,
                              "value": 0.025
                            },
                            {
                              "derivative": -0.12,
                              "location": 0.8666667066666666,
                              "value": 0.03
                            },
                            {
                              "derivative": 0,
                              "location": 1.00000004,
                              "value": 0.01
                            },
                            {
                              "derivative": 0,
                              "location": 1.1333333733333333,
                              "value": 0.01
                            },
                            {
                              "derivative": -1.5,
                              "location": 1.33333334,
                              "value": -0.1
                            }
                          ]
                        }
                      },
                      {
                        "derivative": 0,
                        "location": 0,
                        "value": {
                          "coordinate": "overworld/ridges",
                          "points": [
                            {
                              "derivative": 0,
                              "location": -1.33333334,
                              "value": -0.02
                            },
                            {
                              "derivative": 0,
                              "location": -1.1333333733333333,
                              "value": -0.03
                            },
                            {
                              "derivative": 0,
                              "location": -1.00000004,
                              "value": -0.03
                            },
                            {
                              "derivative": 0.36,
                              "location": -0.8666667066666666,
                              "value": 0.03
                            },
                            {
                              "derivative": 0.14700000000000002,
                              "location": -0.6666667,
                              "value": 0.035
                            },
                            {
                              "derivative": -0.14700000000000002,
                              "location": -0.6666667,
                              "value": 0.025
                            },
                            {
                              "derivative": -0.36,
                              "location": -0.4666666933333333,
                              "value": 0.01
                            },
                            {
                              "derivative": 0,
                              "location": -0.33333335999999997,
                              "value": -0.03
                            },
                            {
                              "derivative": 0,
                              "location": -0.2000000266666666,
                              "value": -0.03
                            },
                            {
                              "derivative": 0,
                              "location": 0,
                              "value": -0.02
                            },
                            {
                              "derivative": 0,
                              "location": 0.2000000266666666,
                              "value": -0.03
                            },
                            {
                              "derivative": 0,
                              "location": 0.33333335999999997,
                              "value": -0.03
                            },
                            {
                              "derivative": 0.36,
                              "location": 0.4666666933333333,
                              "value": 0.03
                            },
                            {
                              "derivative": 0.14700000000000002,
                              "location": 0.6666667,
                              "value": 0.06
                            },
                            {
                              "derivative": -0.14700000000000002,
                              "location": 0.6666667,
                              "value": 0.05
                            },
                            {
                              "derivative": -0.36,
                              "location": 0.8666667066666666,
                              "value": 0.03
                            },
                            {
                              "derivative": 0,
                              "location": 1.00000004,
                              "value": -0.03
                            },
                            {
                              "derivative": 0,
                              "location": 1.1333333733333333,
                              "value": -0.03
                            },
                            {
                              "derivative": 0,
                              "location": 1.33333334,
                              "value": -0.02
                            }
                          ]
                        }
                      },
                      {
                        "derivative": 0,
                        "location": 0.035,
                        "value": {
                          "coordinate": "overworld/ridges",
                          "points": [
                            {
                              "derivative": -0.2,
                              "location": -0.12,
                              "value": 0.035
                            },
                            {
                              "derivative": 0,
                              "location": -0.09,
                              "value": 0
                            },
                            {
                              "derivative": 0,
                              "location": 0,
                              "value": -0.1
                            },
                            {
                              "derivative": 0,
                              "location": 0.09,
                              "value": 0
                            },
                            {
                              "derivative": 0.2,
                              "location": 0.12,
                              "value": 0.025
                            }
                          ]
                        }
                      },
                      {
                        "derivative": 0,
                        "location": 0.25,
                        "value": {
                          "coordinate": "overworld/ridges",
                          "points": [
                            {
                              "derivative": 0,
                              "location": -0.72,
                              "value": 0.11
                            },
                            {
                              "derivative": 0,
                              "location": -0.4,
                              "value": 0.13
                            },
                            {
                              "derivative": 0,
                              "location": -0.09,
                              "value": 0.15
                            },
                            {
                              "derivative": 0,
                              "location": -0.05,
                              "value": 0.15
                            },
                            {
                              "derivative": 0,
                              "location": -0.025,
                              "value": 0.15
                            },
                            {
                              "derivative": 0,
                              "location": 0,
                              "value": 0.15
                            },
                            {
                              "derivative": 0,
                              "location": 0.025,
                              "value": 0.15
                            },
                            {
                              "derivative": 0,
                              "location": 0.05,
                              "value": 0.15
                            },
                            {
                              "derivative": 0,
                              "location": 0.09,
                              "value": 0.15
                            },
                            {
                              "derivative": 0,
                              "location": 0.4,
                              "value": 0.13
                            },
                            {
                              "derivative": 0,
                              "location": 0.72,
                              "value": 0.11
                            }
                          ]
                        }
                      },
                      {
                        "derivative": 0,
                        "location": 0.4,
                        "value": {
                          "coordinate": "overworld/ridges_folded",
                          "points": [
                            {
                              "derivative": 0,
                              "location": -1,
                              "value": -0.05
                            },
                            {
                              "derivative": 0,
                              "location": -0.4,
                              "value": {
                                "coordinate": "overworld/ridges_folded",
                                "points": [
                                  {
                                    "derivative": 0.5,
                                    "location": -1,
                                    "value": -0.05
                                  },
                                  {
                                    "derivative": 0,
                                    "location": -0.4,
                                    "value": 0.01
                                  },
                                  {
                                    "derivative": 0,
                                    "location": 0,
                                    "value": 0.01
                                  },
                                  {
                                    "derivative": 0.04,
                                    "location": 0.4,
                                    "value": 0.03
                                  },
                                  {
                                    "derivative": 0.049,
                                    "location": 1,
                                    "value": 0.1
                                  }
                                ]
                              }
                            },
                            {
                              "derivative": 0,
                              "location": 0,
                              "value": 0.17
                            }
                          ]
                        }
                      },
                      {
                        "derivative": 0,
                        "location": 0.525,
                        "value": {
                          "coordinate": "overworld/ridges",
                          "points": [
                            {
                              "derivative": 0,
                              "location": -0.65,
                              "value": 1.3
                            },
                            {
                              "derivative": -1,
                              "location": -0.6,
                              "value": 0.9
                            },
                            {
                              "derivative": 0,
                              "location": -0.4,
                              "value": 0.9
                            },
                            {
                              "derivative": -2,
                              "location": -0.32,
                              "value": 0.5
                            },
                            {
                              "derivative": 0,
                              "location": -0.2,
                              "value": 0.5
                            },
                            {
                              "derivative": 0,
                              "location": -0.13,
                              "value": 0.15
                            },
                            {
                              "derivative": 0,
                              "location": 0,
                              "value": 0.19
                            },
                            {
                              "derivative": 0,
                              "location": 0.13,
                              "value": 0.15
                            },
                            {
                              "derivative": 1.7,
                              "location": 0.16,
                              "value": 0.18
                            },
                            {
                              "derivative": 1.7,
                              "location": 0.3,
                              "value": 0.425
                            },
                            {
                              "derivative": 1,
                              "location": 0.5,
                              "value": 0.7
                            },
                            {
                              "derivative": 0.4,
                              "location": 0.7,
                              "value": 1.05
                            }
                          ]
                        }
                      },
                      {
                        "derivative": 0,
                        "location": 0.64,
                        "value": {
                          "coordinate": "overworld/ridges",
                          "points": [
                            {
                              "derivative": -0.15,
                              "location": -0.1,
                              "value": 0.1
                            },
                            {
                              "derivative": -0.15,
                              "location": 0,
                              "value": -0.1
                            },
                            {
                              "derivative": 1.35,
                              "location": 0.1,
                              "value": 0.1
                            },
                            {
                              "derivative": 0,
                              "location": 0.5,
                              "value": 0.7
                            }
                          ]
                        }
                      }
                    ]
                  }
                }
              ]
            }
          }
        },
        "argument2": {
          "type": "minecraft:cache_once",
          "argument": {
            "type": "minecraft:blend_alpha"
          }
        }
      }
    }
  }
}