{
  "type": "minecraft:vegetation_patch",
  "config": {
    "depth": {
      "type": "minecraft:uniform",
      "min_inclusive": 4,
      "max_inclusive": 6
    },
    "extra_bottom_block_chance": 0.5,
    "extra_edge_column_chance": 0.5,
    "ground_state": {
      "type": "minecraft:noise_provider",
      "noise": {
        "amplitudes": [
          1,
          1,
          0,
          0,
          1.5,
          1.75,
          2.65
        ],
        "firstOctave": -6
      },
      "scale": 1,
      "seed": 4,
      "slow_scale": 1,
      "states": [
        {
          "Name": "minecraft:blackstone"
        },
        {
          "Name": "minecraft:blackstone"
        },
        {
          "Name": "minecraft:blackstone"
        },
        {
          "Name": "minecraft:blackstone"
        },
        {
          "Name": "minecraft:blackstone"
        },
        {
          "Name": "minecraft:blackstone"
        },
        {
          "Name": "minecraft:blackstone"
        },
        {
          "Name": "minecraft:blackstone"
        },
        {
          "Name": "minecraft:blackstone"
        },
        {
          "Name": "minecraft:smooth_basalt"
        },
        {
          "Name": "minecraft:smooth_basalt"
        },
        {
          "Name": "minecraft:blackstone"
        },
        {
          "Name": "minecraft:blackstone"
        },
        {
          "Name": "minecraft:blackstone"
        },
        {
          "Name": "minecraft:blackstone"
        },
        {
          "Name": "minecraft:blackstone"
        },
        {
          "Name": "minecraft:blackstone"
        },
        {
          "Name": "minecraft:blackstone"
        },
        {
          "Name": "minecraft:blackstone"
        },
        {
          "Name": "minecraft:blackstone"
        }
      ],
      "variety": {
        "min_inclusive": 1,
        "max_inclusive": 1
      }
    },
    "replaceable": "#minecraft:base_stone_overworld",
    "surface": "floor",
    "vegetation_chance": 0.001,
    "vegetation_feature": {
      "feature": {
        "type": "minecraft:simple_block",
        "config": {
          "to_place": {
            "type": "minecraft:simple_state_provider",
            "state": {
              "Name": "minecraft:fire",
              "Properties": {
                "age": "0",
                "east": "false",
                "north": "false",
                "south": "false",
                "up": "false",
                "west": "false"
              }
            }
          }
        }
      },
      "placement": []
    },
    "vertical_range": 5,
    "xz_radius": {
      "type": "minecraft:uniform",
      "min_inclusive": 2,
      "max_inclusive": 5
    }
  }
}