{
  "type": "minecraft:simple_random_selector",
  "config": {
    "features": [
      {
        "feature": {
          "type": "minecraft:random_patch",
          "config": {
            "feature": {
              "feature": {
                "type": "minecraft:simple_block",
                "config": {
                  "to_place": {
                    "type": "minecraft:noise_provider",
                    "noise": {
                      "amplitudes": [
                        0.5,
                        2,
                        1
                      ],
                      "firstOctave": -5
                    },
                    "scale": 1,
                    "seed": 0,
                    "states": [
                      {
                        "Name": "minecraft:cornflower"
                      },
                      {
                        "Name": "minecraft:pink_tulip"
                      },
                      {
                        "Name": "minecraft:white_tulip"
                      }
                    ]
                  }
                }
              },
              "placement": [
                {
                  "type": "minecraft:block_predicate_filter",
                  "predicate": {
                    "type": "minecraft:matching_blocks",
                    "blocks": [
                      "minecraft:air"
                    ]
                  }
                }
              ]
            },
            "tries": 11,
            "xz_spread": 7,
            "y_spread": 3
          }
        },
        "placement": []
      },
      {
        "feature": {
          "type": "minecraft:random_patch",
          "config": {
            "feature": {
              "feature": {
                "type": "minecraft:simple_block",
                "config": {
                  "to_place": {
                    "type": "minecraft:noise_provider",
                    "noise": {
                      "amplitudes": [
                        1,
                        1
                      ],
                      "firstOctave": -4
                    },
                    "scale": 1,
                    "seed": 0,
                    "states": [
                      {
                        "Name": "minecraft:lilac"
                      },
                      {
                        "Name": "minecraft:lilac"
                      },
                      {
                        "Name": "minecraft:lilac"
                      },
                      {
                        "Name": "minecraft:lilac"
                      },
                      {
                        "Name": "minecraft:peony"
                      }
                    ]
                  }
                }
              },
              "placement": [
                {
                  "type": "minecraft:block_predicate_filter",
                  "predicate": {
                    "type": "minecraft:matching_blocks",
                    "blocks": [
                      "minecraft:air"
                    ]
                  }
                }
              ]
            },
            "tries": 7,
            "xz_spread": 7,
            "y_spread": 3
          }
        },
        "placement": []
      }
    ]
  }
}