{
  "type": "minecraft:flower",
  "config": {
    "feature": {
      "feature": {
        "type": "minecraft:simple_block",
        "config": {
          "to_place": {
            "type": "minecraft:dual_noise_provider",
            "noise": {
              "amplitudes": [
                0.01,
                0.005,
                0.04
              ],
              "firstOctave": -4
            },
            "scale": 1,
            "seed": 2345,
            "slow_noise": {
              "amplitudes": [
                1.6,
                1.3,
                2,
                3.5,
                0,
                2,
                1
              ],
              "firstOctave": -7
            },
            "slow_scale": 1,
            "states": [
              {
                "Name": "minecraft:allium"
              },
              {
                "Name": "minecraft:pink_tulip"
              },
              {
                "Name": "minecraft:cornflower"
              },
              {
                "Name": "minecraft:white_tulip"
              },
              {
                "Name": "minecraft:dandelion"
              },
              {
                "Name": "minecraft:orange_tulip"
              },
              {
                "Name": "minecraft:red_tulip"
              }
            ],
            "variety": {
              "min_inclusive": 1,
              "max_inclusive": 1
            }
          }
        }
      },
      "placement": [
        {
          "type": "minecraft:block_predicate_filter",
          "predicate": {
            "type": "minecraft:matching_blocks",
            "blocks": [
              "minecraft:air"
            ]
          }
        }
      ]
    },
    "tries": 32,
    "xz_spread": 6,
    "y_spread": 2
  }
}