{
  "type": "minecraft:chest",
  "pools": [
    {
      "entries": [
        {
          "type": "minecraft:item",
          "name": "minecraft:carved_pumpkin"
        }
      ],
      "rolls": 1
    },
    {
      "bonus_rolls": {
        "type": "minecraft:uniform",
        "max": 3,
        "min": 2
      },
      "entries": [
        {
          "type": "minecraft:item",
          "name": "minecraft:emerald_block"
        }
      ],
      "rolls": 1
    },
    {
      "entries": [
        {
          "type": "minecraft:item",
          "functions": [
            {
              "count": 4,
              "function": "minecraft:set_count"
            }
          ],
          "name": "minecraft:iron_block"
        }
      ],
      "rolls": 1
    },
    {
      "entries": [
        {
          "type": "minecraft:item",
          "name": "minecraft:poppy"
        }
      ],
      "rolls": 1
    }
  ]
}