{
  "type": "minecraft:vegetation_patch",
  "config": {
    "depth": {
      "type": "minecraft:uniform",
      "min_inclusive": 2,
      "max_inclusive": 4
    },
    "extra_bottom_block_chance": 0.1,
    "extra_edge_column_chance": 0.5,
    "ground_state": {
      "type": "minecraft:dual_noise_provider",
      "noise": {
        "amplitudes": [
          1,
          1,
          1
        ],
        "firstOctave": -7
      },
      "scale": 1,
      "seed": 2,
      "slow_noise": {
        "amplitudes": [
          0.0001,
          0.00025,
          0.0005,
          0.001
        ],
        "firstOctave": -3
      },
      "slow_scale": 1,
      "states": [
        {
          "Name": "minecraft:smooth_sandstone"
        },
        {
          "Name": "minecraft:smooth_sandstone"
        },
        {
          "Name": "minecraft:sandstone"
        },
        {
          "Name": "minecraft:smooth_sandstone"
        },
        {
          "Name": "minecraft:smooth_sandstone"
        },
        {
          "Name": "minecraft:sandstone"
        },
        {
          "Name": "minecraft:smooth_sandstone"
        },
        {
          "Name": "minecraft:smooth_sandstone"
        },
        {
          "Name": "minecraft:sandstone"
        },
        {
          "Name": "minecraft:smooth_sandstone"
        },
        {
          "Name": "minecraft:smooth_sandstone"
        },
        {
          "Name": "minecraft:sandstone"
        },
        {
          "Name": "minecraft:smooth_sandstone"
        },
        {
          "Name": "minecraft:smooth_sandstone"
        },
        {
          "Name": "minecraft:sandstone"
        },
        {
          "Name": "minecraft:sandstone"
        },
        {
          "Name": "minecraft:smooth_red_sandstone"
        },
        {
          "Name": "minecraft:sandstone"
        },
        {
          "Name": "minecraft:smooth_red_sandstone"
        },
        {
          "Name": "minecraft:sandstone"
        },
        {
          "Name": "minecraft:sandstone"
        },
        {
          "Name": "minecraft:smooth_sandstone"
        },
        {
          "Name": "minecraft:sandstone"
        },
        {
          "Name": "minecraft:clay"
        },
        {
          "Name": "minecraft:sandstone"
        },
        {
          "Name": "minecraft:smooth_sandstone"
        },
        {
          "Name": "minecraft:sandstone"
        },
        {
          "Name": "minecraft:smooth_sandstone"
        },
        {
          "Name": "minecraft:smooth_sandstone"
        },
        {
          "Name": "minecraft:sandstone"
        },
        {
          "Name": "minecraft:smooth_sandstone"
        },
        {
          "Name": "minecraft:smooth_sandstone"
        },
        {
          "Name": "minecraft:sandstone"
        },
        {
          "Name": "minecraft:smooth_sandstone"
        },
        {
          "Name": "minecraft:smooth_sandstone"
        }
      ],
      "variety": {
        "min_inclusive": 13,
        "max_inclusive": 25
      }
    },
    "replaceable": "#terralith:sandstones",
    "surface": "floor",
    "vegetation_chance": 1,
    "vegetation_feature": "terralith:nothing",
    "vertical_range": 4,
    "xz_radius": {
      "type": "minecraft:uniform",
      "min_inclusive": 1,
      "max_inclusive": 4
    }
  }
}