{
  "type": "minecraft:vegetation_patch",
  "config": {
    "depth": {
      "type": "minecraft:uniform",
      "min_inclusive": 1,
      "max_inclusive": 2
    },
    "extra_bottom_block_chance": 0.001,
    "extra_edge_column_chance": 0.5,
    "ground_state": {
      "type": "minecraft:simple_state_provider",
      "state": {
        "Name": "minecraft:sand"
      }
    },
    "replaceable": "#terralith:sandy_blocks",
    "surface": "floor",
    "vegetation_chance": 0,
    "vegetation_feature": "terralith:nothing",
    "vertical_range": 2,
    "xz_radius": {
      "type": "minecraft:uniform",
      "min_inclusive": 0,
      "max_inclusive": 2
    }
  }
}