{
  "type": "minecraft:simple_random_selector",
  "config": {
    "features": [
      {
        "feature": {
          "type": "minecraft:block_column",
          "config": {
            "allowed_placement": {
              "type": "minecraft:matching_blocks",
              "blocks": [
                "minecraft:air",
                "minecraft:water"
              ]
            },
            "direction": "up",
            "layers": [
              {
                "height": {
                  "type": "minecraft:weighted_list",
                  "distribution": [
                    {
                      "data": {
                        "type": "minecraft:uniform",
                        "min_inclusive": 0,
                        "max_inclusive": 4
                      },
                      "weight": 2
                    },
                    {
                      "data": 0,
                      "weight": 1
                    }
                  ]
                },
                "provider": {
                  "type": "minecraft:simple_state_provider",
                  "state": {
                    "Name": "minecraft:big_dripleaf_stem",
                    "Properties": {
                      "facing": "east",
                      "waterlogged": "false"
                    }
                  }
                }
              },
              {
                "height": 1,
                "provider": {
                  "type": "minecraft:simple_state_provider",
                  "state": {
                    "Name": "minecraft:big_dripleaf",
                    "Properties": {
                      "facing": "east",
                      "tilt": "none",
                      "waterlogged": "false"
                    }
                  }
                }
              }
            ],
            "prioritize_tip": true
          }
        },
        "placement": []
      },
      {
        "feature": {
          "type": "minecraft:block_column",
          "config": {
            "allowed_placement": {
              "type": "minecraft:matching_blocks",
              "blocks": [
                "minecraft:air",
                "minecraft:water"
              ]
            },
            "direction": "up",
            "layers": [
              {
                "height": {
                  "type": "minecraft:weighted_list",
                  "distribution": [
                    {
                      "data": {
                        "type": "minecraft:uniform",
                        "min_inclusive": 0,
                        "max_inclusive": 4
                      },
                      "weight": 2
                    },
                    {
                      "data": 0,
                      "weight": 1
                    }
                  ]
                },
                "provider": {
                  "type": "minecraft:simple_state_provider",
                  "state": {
                    "Name": "minecraft:big_dripleaf_stem",
                    "Properties": {
                      "facing": "west",
                      "waterlogged": "false"
                    }
                  }
                }
              },
              {
                "height": 1,
                "provider": {
                  "type": "minecraft:simple_state_provider",
                  "state": {
                    "Name": "minecraft:big_dripleaf",
                    "Properties": {
                      "facing": "west",
                      "tilt": "none",
                      "waterlogged": "false"
                    }
                  }
                }
              }
            ],
            "prioritize_tip": true
          }
        },
        "placement": []
      },
      {
        "feature": {
          "type": "minecraft:block_column",
          "config": {
            "allowed_placement": {
              "type": "minecraft:matching_blocks",
              "blocks": [
                "minecraft:air",
                "minecraft:water"
              ]
            },
            "direction": "up",
            "layers": [
              {
                "height": {
                  "type": "minecraft:weighted_list",
                  "distribution": [
                    {
                      "data": {
                        "type": "minecraft:uniform",
                        "min_inclusive": 0,
                        "max_inclusive": 4
                      },
                      "weight": 2
                    },
                    {
                      "data": 0,
                      "weight": 1
                    }
                  ]
                },
                "provider": {
                  "type": "minecraft:simple_state_provider",
                  "state": {
                    "Name": "minecraft:big_dripleaf_stem",
                    "Properties": {
                      "facing": "south",
                      "waterlogged": "false"
                    }
                  }
                }
              },
              {
                "height": 1,
                "provider": {
                  "type": "minecraft:simple_state_provider",
                  "state": {
                    "Name": "minecraft:big_dripleaf",
                    "Properties": {
                      "facing": "south",
                      "tilt": "none",
                      "waterlogged": "false"
                    }
                  }
                }
              }
            ],
            "prioritize_tip": true
          }
        },
        "placement": []
      },
      {
        "feature": {
          "type": "minecraft:block_column",
          "config": {
            "allowed_placement": {
              "type": "minecraft:matching_blocks",
              "blocks": [
                "minecraft:air",
                "minecraft:water"
              ]
            },
            "direction": "up",
            "layers": [
              {
                "height": {
                  "type": "minecraft:weighted_list",
                  "distribution": [
                    {
                      "data": {
                        "type": "minecraft:uniform",
                        "min_inclusive": 0,
                        "max_inclusive": 4
                      },
                      "weight": 2
                    },
                    {
                      "data": 0,
                      "weight": 1
                    }
                  ]
                },
                "provider": {
                  "type": "minecraft:simple_state_provider",
                  "state": {
                    "Name": "minecraft:big_dripleaf_stem",
                    "Properties": {
                      "facing": "north",
                      "waterlogged": "false"
                    }
                  }
                }
              },
              {
                "height": 1,
                "provider": {
                  "type": "minecraft:simple_state_provider",
                  "state": {
                    "Name": "minecraft:big_dripleaf",
                    "Properties": {
                      "facing": "north",
                      "tilt": "none",
                      "waterlogged": "false"
                    }
                  }
                }
              }
            ],
            "prioritize_tip": true
          }
        },
        "placement": []
      }
    ]
  }
}