{
  "type": "minecraft:vegetation_patch",
  "config": {
    "depth": {
      "type": "minecraft:uniform",
      "min_inclusive": 1,
      "max_inclusive": 2
    },
    "extra_bottom_block_chance": 0.0,
    "extra_edge_column_chance": 0.3,
    "ground_state": {
      "type": "minecraft:simple_state_provider",
      "state": {
        "Name": "minecraft:moss_block"
      }
    },
    "replaceable": "#minecraft:moss_replaceable",
    "surface": "ceiling",
    "vegetation_chance": 0.08,
    "vegetation_feature": {
      "feature": "terralith:cave/jungle/vine",
      "placement": []
    },
    "vertical_range": 5,
    "xz_radius": {
      "type": "minecraft:uniform",
      "min_inclusive": 4,
      "max_inclusive": 7
    }
  }
}