{
  "pools": [
    {
      "entries": [
        {
          "type": "minecraft:item",
          "functions": [
            {
              "count": {
                "max": 3,
                "min": 1
              },
              "function": "minecraft:set_count"
            }
          ],
          "name": "minecraft:string",
          "weight": 60
        },
        {
          "type": "minecraft:item",
          "functions": [
            {
              "count": {
                "max": 8,
                "min": 1
              },
              "function": "minecraft:set_count"
            }
          ],
          "name": "minecraft:stick",
          "weight": 80
        },
        {
          "type": "minecraft:item",
          "functions": [
            {
              "count": {
                "max": 3,
                "min": 1
              },
              "function": "minecraft:set_count"
            }
          ],
          "name": "minecraft:cod",
          "weight": 60
        },
        {
          "type": "minecraft:item",
          "functions": [
            {
              "count": {
                "max": 3,
                "min": 1
              },
              "function": "minecraft:set_count"
            }
          ],
          "name": "minecraft:salmon",
          "weight": 60
        },
        {
          "type": "minecraft:item",
          "name": "minecraft:pufferfish",
          "weight": 30
        },
        {
          "type": "minecraft:item",
          "name": "minecraft:glass_bottle",
          "weight": 40
        },
        {
          "type": "minecraft:item",
          "name": "minecraft:water_bucket",
          "weight": 60
        },
        {
          "type": "minecraft:item",
          "functions": [
            {
              "function": "minecraft:set_potion",
              "id": "minecraft:water"
            }
          ],
          "name": "minecraft:potion",
          "weight": 70
        },
        {
          "type": "minecraft:item",
          "functions": [
            {
              "count": {
                "max": 6,
                "min": 1
              },
              "function": "minecraft:set_count"
            }
          ],
          "name": "minecraft:clay_ball",
          "weight": 30
        },
        {
          "type": "minecraft:item",
          "functions": [
            {
              "count": {
                "max": 3,
                "min": 1
              },
              "function": "minecraft:set_count"
            }
          ],
          "name": "minecraft:tropical_fish",
          "weight": 10
        },
        {
          "type": "minecraft:item",
          "name": "minecraft:cod_bucket",
          "weight": 10
        },
        {
          "type": "minecraft:item",
          "name": "minecraft:salmon_bucket",
          "weight": 10
        },
        {
          "type": "minecraft:item",
          "name": "minecraft:tadpole_bucket",
          "weight": 10
        },
        {
          "type": "minecraft:item",
          "name": "minecraft:axolotl_bucket",
          "weight": 5
        },
        {
          "type": "minecraft:item",
          "name": "minecraft:pufferfish_bucket",
          "weight": 8
        },
        {
          "type": "minecraft:item",
          "name": "minecraft:name_tag",
          "weight": 20
        }
      ],
      "rolls": {
        "max": 6,
        "min": 4
      }
    }
  ]
}