{
  "pools": [
    {
      "entries": [
        {
          "type": "minecraft:item",
          "functions": [
            {
              "count": {
                "max": 2,
                "min": 1
              },
              "function": "minecraft:set_count"
            }
          ],
          "name": "minecraft:melon_slice",
          "weight": 70
        },
        {
          "type": "minecraft:item",
          "functions": [
            {
              "count": {
                "max": 3,
                "min": 1
              },
              "function": "minecraft:set_count"
            }
          ],
          "name": "minecraft:cookie",
          "weight": 100
        },
        {
          "type": "minecraft:item",
          "functions": [
            {
              "count": {
                "max": 2,
                "min": 1
              },
              "function": "minecraft:set_count"
            }
          ],
          "name": "minecraft:apple",
          "weight": 80
        },
        {
          "type": "minecraft:item",
          "name": "minecraft:bread",
          "weight": 80
        },
        {
          "type": "minecraft:item",
          "functions": [
            {
              "count": {
                "max": 2,
                "min": 1
              },
              "function": "minecraft:set_count"
            }
          ],
          "name": "minecraft:baked_potato",
          "weight": 70
        },
        {
          "type": "minecraft:item",
          "functions": [
            {
              "count": {
                "max": 3,
                "min": 1
              },
              "function": "minecraft:set_count"
            }
          ],
          "name": "minecraft:carrot",
          "weight": 90
        }
      ],
      "rolls": {
        "max": 9,
        "min": 6
      }
    },
    {
      "entries": [
        {
          "type": "minecraft:item",
          "functions": [
            {
              "count": {
                "max": 3,
                "min": 1
              },
              "function": "minecraft:set_count"
            }
          ],
          "name": "minecraft:sweet_berries",
          "weight": 100
        },
        {
          "type": "minecraft:item",
          "name": "minecraft:cooked_chicken",
          "weight": 60
        },
        {
          "type": "minecraft:item",
          "name": "minecraft:cooked_porkchop",
          "weight": 50
        },
        {
          "type": "minecraft:item",
          "name": "minecraft:cooked_mutton",
          "weight": 60
        },
        {
          "type": "minecraft:item",
          "name": "minecraft:cooked_beef",
          "weight": 50
        }
      ],
      "rolls": {
        "max": 3,
        "min": 1
      }
    },
    {
      "bonus_rolls": 0,
      "conditions": [
        {
          "chance": 0.5,
          "condition": "minecraft:random_chance"
        }
      ],
      "entries": [
        {
          "type": "minecraft:item",
          "name": "minecraft:beetroot_soup",
          "weight": 100
        },
        {
          "type": "minecraft:item",
          "name": "minecraft:rabbit_stew",
          "weight": 100
        },
        {
          "type": "minecraft:item",
          "name": "minecraft:mushroom_stew",
          "weight": 100
        },
        {
          "type": "minecraft:item",
          "name": "minecraft:golden_apple",
          "weight": 50
        },
        {
          "type": "minecraft:item",
          "name": "minecraft:pumpkin_pie",
          "weight": 80
        }
      ],
      "rolls": {
        "max": 2,
        "min": 1
      }
    }
  ]
}