{
  "pools": [
    {
      "entries": [
        {
          "type": "minecraft:item",
          "functions": [
            {
              "count": {
                "max": 12,
                "min": 7
              },
              "function": "minecraft:set_count"
            }
          ],
          "name": "minecraft:cobbled_deepslate",
          "weight": 70
        },
        {
          "type": "minecraft:item",
          "functions": [
            {
              "count": {
                "max": 5,
                "min": 1
              },
              "function": "minecraft:set_count"
            }
          ],
          "name": "minecraft:raw_iron",
          "weight": 50
        },
        {
          "type": "minecraft:item",
          "functions": [
            {
              "count": {
                "max": 3,
                "min": 1
              },
              "function": "minecraft:set_count"
            }
          ],
          "name": "minecraft:raw_gold",
          "weight": 20
        },
        {
          "type": "minecraft:item",
          "functions": [
            {
              "count": {
                "max": 4,
                "min": 1
              },
              "function": "minecraft:set_count"
            }
          ],
          "name": "minecraft:emerald",
          "weight": 60
        },
        {
          "type": "minecraft:item",
          "functions": [
            {
              "count": {
                "max": 9,
                "min": 4
              },
              "function": "minecraft:set_count"
            }
          ],
          "name": "minecraft:iron_nugget",
          "weight": 60
        },
        {
          "type": "minecraft:item",
          "functions": [
            {
              "count": {
                "max": 4,
                "min": 2
              },
              "function": "minecraft:set_count"
            }
          ],
          "name": "minecraft:chain",
          "weight": 40
        },
        {
          "type": "minecraft:item",
          "functions": [
            {
              "count": {
                "max": 8,
                "min": 1
              },
              "function": "minecraft:set_count"
            }
          ],
          "name": "minecraft:coal",
          "weight": 60
        }
      ],
      "rolls": {
        "max": 5,
        "min": 3
      }
    },
    {
      "entries": [
        {
          "type": "minecraft:item",
          "functions": [
            {
              "count": {
                "max": 4,
                "min": 1
              },
              "function": "minecraft:set_count"
            }
          ],
          "name": "minecraft:iron_ingot",
          "weight": 70
        },
        {
          "type": "minecraft:item",
          "functions": [
            {
              "count": {
                "max": 14,
                "min": 8
              },
              "function": "minecraft:set_count"
            }
          ],
          "name": "minecraft:obsidian",
          "weight": 80
        },
        {
          "type": "minecraft:item",
          "functions": [
            {
              "count": {
                "max": 3,
                "min": 1
              },
              "function": "minecraft:set_count"
            }
          ],
          "name": "minecraft:diamond",
          "weight": 50
        },
        {
          "type": "minecraft:item",
          "name": "minecraft:emerald_block",
          "weight": 10
        },
        {
          "type": "minecraft:item",
          "functions": [
            {
              "count": {
                "max": 3,
                "min": 1
              },
              "function": "minecraft:set_count"
            }
          ],
          "name": "minecraft:gold_ingot",
          "weight": 20
        }
      ],
      "rolls": {
        "max": 3,
        "min": 2
      }
    },
    {
      "entries": [
        {
          "type": "minecraft:item",
          "functions": [
            {
              "count": {
                "max": 4,
                "min": 1
              },
              "function": "minecraft:set_count"
            }
          ],
          "name": "minecraft:vine",
          "weight": 80
        },
        {
          "type": "minecraft:item",
          "functions": [
            {
              "count": {
                "max": 6,
                "min": 1
              },
              "function": "minecraft:set_count"
            }
          ],
          "name": "minecraft:oak_leaves",
          "weight": 60
        },
        {
          "type": "minecraft:item",
          "name": "minecraft:carved_pumpkin",
          "weight": 50
        },
        {
          "type": "minecraft:item",
          "functions": [
            {
              "count": {
                "max": 3,
                "min": 1
              },
              "function": "minecraft:set_count"
            }
          ],
          "name": "minecraft:lantern",
          "weight": 50
        },
        {
          "type": "minecraft:item",
          "functions": [
            {
              "count": {
                "max": 6,
                "min": 1
              },
              "function": "minecraft:set_count"
            }
          ],
          "name": "minecraft:dark_oak_sapling",
          "weight": 10
        },
        {
          "type": "minecraft:item",
          "name": "minecraft:oak_sapling",
          "weight": 50
        },
        {
          "type": "minecraft:item",
          "functions": [
            {
              "count": 1,
              "function": "minecraft:set_count"
            }
          ],
          "name": "minecraft:apple",
          "weight": 40
        },
        {
          "type": "minecraft:item",
          "name": "minecraft:golden_apple",
          "weight": 20
        },
        {
          "type": "minecraft:item",
          "name": "minecraft:enchanted_golden_apple",
          "weight": 4
        },
        {
          "type": "minecraft:item",
          "name": "minecraft:sentry_armor_trim_smithing_template",
          "weight": 10
        }
      ],
      "rolls": {
        "max": 3,
        "min": 0
      }
    }
  ]
}