{
  "pools": [
    {
      "entries": [
        {
          "type": "minecraft:item",
          "name": "minecraft:cobweb",
          "weight": 1
        },
        {
          "type": "minecraft:item",
          "name": "minecraft:bowl",
          "weight": 1
        },
        {
          "type": "minecraft:item",
          "name": "minecraft:spider_eye",
          "weight": 1
        },
        {
          "type": "minecraft:item",
          "name": "minecraft:glass_bottle",
          "weight": 1
        }
      ],
      "rolls": {
        "max": 7,
        "min": 2
      }
    }
  ]
}