{
  "type": "minecraft:chest",
  "pools": [
    {
      "entries": [
        {
          "type": "minecraft:item",
          "functions": [
            {
              "conditions": [
                {
                  "chance": 0.2,
                  "condition": "minecraft:random_chance"
                }
              ],
              "function": "minecraft:enchant_with_levels",
              "levels": {
                "type": "minecraft:uniform",
                "max": 10,
                "min": 0
              }
            }
          ],
          "name": "minecraft:iron_axe"
        }
      ],
      "rolls": 1
    },
    {
      "entries": [
        {
          "type": "minecraft:item",
          "functions": [
            {
              "count": {
                "type": "minecraft:uniform",
                "max": 8,
                "min": 5
              },
              "function": "minecraft:set_count"
            }
          ],
          "name": "minecraft:charcoal"
        }
      ],
      "rolls": 1
    },
    {
      "entries": [
        {
          "type": "minecraft:item",
          "functions": [
            {
              "effects": [
                {
                  "type": "minecraft:saturation",
                  "duration": {
                    "type": "minecraft:uniform",
                    "max": 10,
                    "min": 7
                  }
                },
                {
                  "type": "minecraft:night_vision",
                  "duration": {
                    "type": "minecraft:uniform",
                    "max": 10,
                    "min": 7
                  }
                },
                {
                  "type": "minecraft:poison",
                  "duration": {
                    "type": "minecraft:uniform",
                    "max": 20,
                    "min": 10
                  }
                },
                {
                  "type": "minecraft:weakness",
                  "duration": {
                    "type": "minecraft:uniform",
                    "max": 8,
                    "min": 6
                  }
                },
                {
                  "type": "minecraft:blindness",
                  "duration": {
                    "type": "minecraft:uniform",
                    "max": 7,
                    "min": 5
                  }
                },
                {
                  "type": "minecraft:jump_boost",
                  "duration": {
                    "type": "minecraft:uniform",
                    "max": 10,
                    "min": 7
                  }
                }
              ],
              "function": "minecraft:set_stew_effect"
            }
          ],
          "name": "minecraft:suspicious_stew"
        }
      ],
      "rolls": 1
    },
    {
      "entries": [
        {
          "type": "minecraft:item",
          "functions": [
            {
              "count": {
                "type": "minecraft:uniform",
                "max": 5,
                "min": 3
              },
              "function": "minecraft:set_count"
            }
          ],
          "name": "minecraft:rabbit"
        },
        {
          "type": "minecraft:item",
          "functions": [
            {
              "count": {
                "type": "minecraft:uniform",
                "max": 5,
                "min": 3
              },
              "function": "minecraft:set_count"
            }
          ],
          "name": "minecraft:chicken"
        },
        {
          "type": "minecraft:item",
          "functions": [
            {
              "count": {
                "type": "minecraft:uniform",
                "max": 5,
                "min": 3
              },
              "function": "minecraft:set_count"
            }
          ],
          "name": "minecraft:beef"
        },
        {
          "type": "minecraft:item",
          "functions": [
            {
              "count": {
                "type": "minecraft:uniform",
                "max": 5,
                "min": 3
              },
              "function": "minecraft:set_count"
            }
          ],
          "name": "minecraft:porkchop"
        }
      ],
      "rolls": {
        "type": "minecraft:uniform",
        "max": 3,
        "min": 1
      }
    },
    {
      "entries": [
        {
          "type": "minecraft:item",
          "functions": [
            {
              "count": {
                "type": "minecraft:uniform",
                "max": 6,
                "min": 3
              },
              "function": "minecraft:set_count"
            }
          ],
          "name": "minecraft:rabbit_hide"
        },
        {
          "type": "minecraft:item",
          "functions": [
            {
              "count": {
                "type": "minecraft:uniform",
                "max": 6,
                "min": 3
              },
              "function": "minecraft:set_count"
            }
          ],
          "name": "minecraft:leather"
        }
      ],
      "rolls": 1
    },
    {
      "entries": [
        {
          "type": "minecraft:item",
          "functions": [
            {
              "count": {
                "type": "minecraft:uniform",
                "max": 8,
                "min": 4
              },
              "function": "minecraft:set_count"
            }
          ],
          "name": "minecraft:stripped_oak_wood"
        },
        {
          "type": "minecraft:item",
          "functions": [
            {
              "count": {
                "type": "minecraft:uniform",
                "max": 8,
                "min": 4
              },
              "function": "minecraft:set_count"
            }
          ],
          "name": "minecraft:oak_wood"
        }
      ],
      "rolls": 1
    }
  ]
}