{
  "pools": [
    {
      "entries": [
        {
          "type": "minecraft:item",
          "conditions": [
            {
              "chance": 0.01,
              "condition": "minecraft:random_chance"
            }
          ],
          "functions": [
            {
              "function": "minecraft:enchant_with_levels",
              "levels": {
                "type": "minecraft:uniform",
                "max": 40,
                "min": 0
              }
            }
          ],
          "name": "minecraft:diamond_hoe"
        }
      ],
      "rolls": 1
    },
    {
      "entries": [
        {
          "type": "minecraft:item",
          "functions": [
            {
              "damage": {
                "type": "minecraft:uniform",
                "max": 0.9,
                "min": 0
              },
              "function": "minecraft:set_damage"
            }
          ],
          "name": "minecraft:wooden_hoe"
        },
        {
          "type": "minecraft:item",
          "functions": [
            {
              "count": {
                "type": "minecraft:uniform",
                "max": 7,
                "min": 3
              },
              "function": "minecraft:set_count"
            }
          ],
          "name": "minecraft:hanging_roots"
        },
        {
          "type": "minecraft:item",
          "functions": [
            {
              "count": {
                "type": "minecraft:uniform",
                "max": 7,
                "min": 3
              },
              "function": "minecraft:set_count"
            }
          ],
          "name": "minecraft:wheat_seeds"
        },
        {
          "type": "minecraft:item",
          "functions": [
            {
              "count": {
                "type": "minecraft:uniform",
                "max": 5,
                "min": 1
              },
              "function": "minecraft:set_count"
            }
          ],
          "name": "minecraft:rooted_dirt"
        },
        {
          "type": "minecraft:item",
          "functions": [
            {
              "count": {
                "type": "minecraft:uniform",
                "max": 5,
                "min": 1
              },
              "function": "minecraft:set_count"
            }
          ],
          "name": "minecraft:coarse_dirt"
        },
        {
          "type": "minecraft:item",
          "functions": [
            {
              "count": {
                "type": "minecraft:uniform",
                "max": 5,
                "min": 1
              },
              "function": "minecraft:set_count"
            }
          ],
          "name": "minecraft:dirt"
        },
        {
          "type": "minecraft:item",
          "functions": [
            {
              "count": {
                "type": "minecraft:uniform",
                "max": 5,
                "min": 1
              },
              "function": "minecraft:set_count"
            }
          ],
          "name": "minecraft:mossy_cobblestone"
        },
        {
          "type": "minecraft:item",
          "functions": [
            {
              "count": {
                "type": "minecraft:uniform",
                "max": 5,
                "min": 1
              },
              "function": "minecraft:set_count"
            }
          ],
          "name": "minecraft:cobblestone"
        },
        {
          "type": "minecraft:item",
          "functions": [
            {
              "count": {
                "type": "minecraft:uniform",
                "max": 5,
                "min": 1
              },
              "function": "minecraft:set_count"
            }
          ],
          "name": "minecraft:stripped_oak_log"
        },
        {
          "type": "minecraft:item",
          "functions": [
            {
              "count": {
                "type": "minecraft:uniform",
                "max": 5,
                "min": 1
              },
              "function": "minecraft:set_count"
            }
          ],
          "name": "minecraft:spruce_fence"
        },
        {
          "type": "minecraft:item",
          "name": "minecraft:oak_door"
        },
        {
          "type": "minecraft:item",
          "functions": [
            {
              "count": {
                "type": "minecraft:uniform",
                "max": 3,
                "min": 1
              },
              "function": "minecraft:set_count"
            }
          ],
          "name": "minecraft:bowl"
        },
        {
          "type": "minecraft:item",
          "functions": [
            {
              "count": {
                "type": "minecraft:uniform",
                "max": 5,
                "min": 1
              },
              "function": "minecraft:set_count"
            }
          ],
          "name": "minecraft:stick"
        }
      ],
      "rolls": {
        "type": "minecraft:uniform",
        "max": 5,
        "min": 3
      }
    }
  ]
}