{
  "type": "minecraft:chest",
  "pools": [
    {
      "entries": [
        {
          "type": "minecraft:loot_table",
          "value": "terralith:village/treasure/golem",
          "weight": 1
        },
        {
          "type": "minecraft:loot_table",
          "value": "terralith:village/treasure/emerald",
          "weight": 1
        },
        {
          "type": "minecraft:loot_table",
          "value": "terralith:village/treasure/diamond",
          "weight": 1
        }
      ],
      "rolls": 1
    },
    {
      "entries": [
        {
          "type": "minecraft:item",
          "functions": [
            {
              "count": {
                "type": "minecraft:uniform",
                "max": 16,
                "min": 8
              },
              "function": "minecraft:set_count"
            }
          ],
          "name": "minecraft:emerald",
          "weight": 18
        },
        {
          "type": "minecraft:item",
          "name": "minecraft:dune_armor_trim_smithing_template",
          "weight": 1
        }
      ],
      "rolls": 1
    },
    {
      "entries": [
        {
          "type": "minecraft:item",
          "functions": [
            {
              "count": {
                "type": "minecraft:uniform",
                "max": 3,
                "min": 1
              },
              "function": "minecraft:set_count"
            }
          ],
          "name": "minecraft:lantern"
        },
        {
          "type": "minecraft:item",
          "functions": [
            {
              "count": {
                "type": "minecraft:uniform",
                "max": 3,
                "min": 1
              },
              "function": "minecraft:set_count"
            }
          ],
          "name": "minecraft:oak_leaves"
        },
        {
          "type": "minecraft:item",
          "functions": [
            {
              "count": {
                "type": "minecraft:uniform",
                "max": 3,
                "min": 1
              },
              "function": "minecraft:set_count"
            }
          ],
          "name": "minecraft:vine"
        },
        {
          "type": "minecraft:item",
          "functions": [
            {
              "count": {
                "type": "minecraft:uniform",
                "max": 3,
                "min": 1
              },
              "function": "minecraft:set_count"
            }
          ],
          "name": "minecraft:chain"
        },
        {
          "type": "minecraft:item",
          "functions": [
            {
              "count": {
                "type": "minecraft:uniform",
                "max": 6,
                "min": 3
              },
              "function": "minecraft:set_count"
            }
          ],
          "name": "minecraft:iron_nugget"
        }
      ],
      "rolls": {
        "type": "minecraft:uniform",
        "max": 6,
        "min": 3
      }
    }
  ]
}