{
  "type": "minecraft:large_dripstone",
  "config": {
    "column_radius": {
      "type": "minecraft:uniform",
      "min_inclusive": 1,
      "max_inclusive": 2
    },
    "floor_to_ceiling_search_range": 60,
    "height_scale": {
      "type": "minecraft:uniform",
      "min_inclusive": 5,
      "max_exclusive": 13
    },
    "max_column_radius_to_cave_height_ratio": 1,
    "min_bluntness_for_wind": 0,
    "min_radius_for_wind": 0,
    "stalactite_bluntness": {
      "type": "minecraft:uniform",
      "min_inclusive": 0.9,
      "max_exclusive": 1.5
    },
    "stalagmite_bluntness": {
      "type": "minecraft:uniform",
      "min_inclusive": 0.9,
      "max_exclusive": 1.3
    },
    "wind_speed": {
      "type": "minecraft:uniform",
      "min_inclusive": 0,
      "max_exclusive": 0.4
    }
  }
}