{
  "type": "minecraft:random_patch",
  "config": {
    "feature": {
      "feature": {
        "type": "minecraft:simple_block",
        "config": {
          "to_place": {
            "type": "minecraft:weighted_state_provider",
            "entries": [
              {
                "data": {
                  "Name": "minecraft:small_dripleaf",
                  "Properties": {
                    "facing": "west"
                  }
                },
                "weight": 1
              },
              {
                "data": {
                  "Name": "minecraft:small_dripleaf",
                  "Properties": {
                    "facing": "east"
                  }
                },
                "weight": 1
              },
              {
                "data": {
                  "Name": "minecraft:small_dripleaf",
                  "Properties": {
                    "facing": "south"
                  }
                },
                "weight": 1
              },
              {
                "data": {
                  "Name": "minecraft:small_dripleaf",
                  "Properties": {
                    "facing": "north"
                  }
                },
                "weight": 1
              }
            ]
          }
        }
      },
      "placement": [
        {
          "type": "minecraft:block_predicate_filter",
          "predicate": {
            "type": "minecraft:matching_blocks",
            "blocks": [
              "minecraft:air",
              "minecraft:water"
            ],
            "offset": [
              0,
              0,
              0
            ]
          }
        }
      ]
    },
    "tries": 2,
    "xz_spread": 7,
    "y_spread": 3
  }
}